{"default": {"description": "Cosmos QA is a large-scale dataset of 35.6K problems that require commonsense-based reading comprehension, formulated as multiple-choice questions. It focuses on reading between the lines over a diverse collection of people's everyday narratives, asking questions concerning on the likely causes or effects of events that require reasoning beyond the exact text spans in the context\n", "citation": "@inproceedings{cosmos,\n    title={COSMOS QA: Machine Reading Comprehension\n    with Contextual Commonsense Reasoning},\n    author={Lifu Huang and Ronan Le Bras and Chandra Bhagavatula and Yejin Choi},\n    booktitle ={arXiv:1909.00277v2},\n    year={2019}\n}\n", "homepage": "https://wilburone.github.io/cosmos/", "license": "", "features": {"id": {"dtype": "string", "id": null, "_type": "Value"}, "context": {"dtype": "string", "id": null, "_type": "Value"}, "question": {"dtype": "string", "id": null, "_type": "Value"}, "answer0": {"dtype": "string", "id": null, "_type": "Value"}, "answer1": {"dtype": "string", "id": null, "_type": "Value"}, "answer2": {"dtype": "string", "id": null, "_type": "Value"}, "answer3": {"dtype": "string", "id": null, "_type": "Value"}, "label": {"dtype": "int32", "id": null, "_type": "Value"}}, "supervised_keys": null, "builder_name": "cosmos_qa", "config_name": "default", "version": {"version_str": "0.1.0", "description": null, "datasets_version_to_prepare": null, "major": 0, "minor": 1, "patch": 0}, "splits": {"test": {"name": "test", "num_bytes": 5128447, "num_examples": 6963, "dataset_name": "cosmos_qa"}, "train": {"name": "train", "num_bytes": 17185126, "num_examples": 25262, "dataset_name": "cosmos_qa"}, "validation": {"name": "validation", "num_bytes": 2189979, "num_examples": 2985, "dataset_name": "cosmos_qa"}}, "download_checksums": {"https://github.com/wilburOne/cosmosqa/raw/master/data/train.csv": {"num_bytes": 16660449, "checksum": "d8d5ca1f9f6534b6530550718591af89372d976a8fc419360fab4158dee4d0b2"}, "https://github.com/wilburOne/cosmosqa/raw/master/data/test.jsonl": {"num_bytes": 5610681, "checksum": "70005196dc2588b95de34f1657b25e2c1a4810cfe55b5bb0c0e15580c37b3ed0"}, "https://github.com/wilburOne/cosmosqa/raw/master/data/valid.csv": {"num_bytes": 2128345, "checksum": "a6a94fc1463ca82bb10f98ef68ed535405e6f5c36e044ff8e136b5c19dea63f3"}}, "download_size": 24399475, "dataset_size": 24503552, "size_in_bytes": 48903027}}
