{"default": {"description": "AG is a collection of more than 1 million news articles. News articles have been\ngathered from more than 2000 news sources by ComeToMyHead in more than 1 year of\nactivity. ComeToMyHead is an academic news search engine which has been running\nsince July, 2004. The dataset is provided by the academic comunity for research\npurposes in data mining (clustering, classification, etc), information retrieval\n(ranking, search, etc), xml, data compression, data streaming, and any other\nnon-commercial activity. For more information, please refer to the link\nhttp://www.di.unipi.it/~gulli/AG_corpus_of_news_articles.html .\n\nThe AG's news topic classification dataset is constructed by Xiang Zhang\n(xiang.zhang@nyu.edu) from the dataset above. It is used as a text\nclassification benchmark in the following paper: Xiang Zhang, Junbo Zhao, Yann\nLeCun. Character-level Convolutional Networks for Text Classification. Advances\nin Neural Information Processing Systems 28 (NIPS 2015).\n", "citation": "@inproceedings{Zhang2015CharacterlevelCN,\n  title={Character-level Convolutional Networks for Text Classification},\n  author={Xiang Zhang and Junbo Jake Zhao and Yann LeCun},\n  booktitle={NIPS},\n  year={2015}\n}\n", "homepage": "http://groups.di.unipi.it/~gulli/AG_corpus_of_news_articles.html", "license": "", "features": {"text": {"dtype": "string", "id": null, "_type": "Value"}, "label": {"num_classes": 4, "names": ["World", "Sports", "Business", "Sci/Tech"], "names_file": null, "id": null, "_type": "ClassLabel"}}, "post_processed": null, "supervised_keys": null, "task_templates": [{"task": "text-classification", "text_column": "text", "label_column": "label", "labels": ["Business", "Sci/Tech", "Sports", "World"]}], "builder_name": "ag_news", "config_name": "default", "version": {"version_str": "0.0.0", "description": null, "major": 0, "minor": 0, "patch": 0}, "splits": {"train": {"name": "train", "num_bytes": 29817351, "num_examples": 120000, "dataset_name": "ag_news"}, "test": {"name": "test", "num_bytes": 1879478, "num_examples": 7600, "dataset_name": "ag_news"}}, "download_checksums": {"https://raw.githubusercontent.com/mhjabreel/CharCnn_Keras/master/data/ag_news_csv/train.csv": {"num_bytes": 29470338, "checksum": "76a0a2d2f92b286371fe4d4044640910a04a803fdd2538e0f3f29a5c6f6b672e"}, "https://raw.githubusercontent.com/mhjabreel/CharCnn_Keras/master/data/ag_news_csv/test.csv": {"num_bytes": 1857427, "checksum": "521465c2428ed7f02f8d6db6ffdd4b5447c1c701962353eb2c40d548c3c85699"}}, "download_size": 31327765, "post_processing_size": null, "dataset_size": 31696829, "size_in_bytes": 63024594}}