{"canonical": {"description": "This dataset contains 8.9M commonsense assertions extracted by the Ascent pipeline (https://ascent.mpi-inf.mpg.de/).\n", "citation": "@InProceedings{nguyen2021www,\n  title={Advanced Semantics for Commonsense Knowledge Extraction},\n  author={Nguyen, Tuan-Phong and Razniewski, Simon and Weikum, Gerhard},\n  year={2021},\n  booktitle={The Web Conference 2021},\n}\n", "homepage": "https://ascent.mpi-inf.mpg.de/", "license": "The Creative Commons Attribution 4.0 International License. https://creativecommons.org/licenses/by/4.0/", "features": {"arg1": {"dtype": "string", "id": null, "_type": "Value"}, "rel": {"dtype": "string", "id": null, "_type": "Value"}, "arg2": {"dtype": "string", "id": null, "_type": "Value"}, "support": {"dtype": "int64", "id": null, "_type": "Value"}, "facets": [{"value": {"dtype": "string", "id": null, "_type": "Value"}, "type": {"dtype": "string", "id": null, "_type": "Value"}, "support": {"dtype": "int64", "id": null, "_type": "Value"}}], "source_sentences": [{"text": {"dtype": "string", "id": null, "_type": "Value"}, "source": {"dtype": "string", "id": null, "_type": "Value"}}]}, "post_processed": null, "supervised_keys": null, "builder_name": "ascent_kb", "config_name": "canonical", "version": {"version_str": "1.0.0", "description": null, "major": 1, "minor": 0, "patch": 0}, "splits": {"train": {"name": "train", "num_bytes": 2976697816, "num_examples": 8904060, "dataset_name": "ascent_kb"}}, "download_checksums": {"https://nextcloud.mpi-klsb.mpg.de/index.php/s/dFLdTQHqiFrt3Q3/download": {"num_bytes": 710727536, "checksum": "51fd88a07bca4fa48a9157dd1d93d9bac88ad2b38b5eae662d2cbfad47895016"}}, "download_size": 710727536, "post_processing_size": null, "dataset_size": 2976697816, "size_in_bytes": 3687425352}, "open": {"description": "This dataset contains 8.9M commonsense assertions extracted by the Ascent pipeline (https://ascent.mpi-inf.mpg.de/).\n", "citation": "@InProceedings{nguyen2021www,\n  title={Advanced Semantics for Commonsense Knowledge Extraction},\n  author={Nguyen, Tuan-Phong and Razniewski, Simon and Weikum, Gerhard},\n  year={2021},\n  booktitle={The Web Conference 2021},\n}\n", "homepage": "https://ascent.mpi-inf.mpg.de/", "license": "The Creative Commons Attribution 4.0 International License. https://creativecommons.org/licenses/by/4.0/", "features": {"subject": {"dtype": "string", "id": null, "_type": "Value"}, "predicate": {"dtype": "string", "id": null, "_type": "Value"}, "object": {"dtype": "string", "id": null, "_type": "Value"}, "support": {"dtype": "int64", "id": null, "_type": "Value"}, "facets": [{"value": {"dtype": "string", "id": null, "_type": "Value"}, "type": {"dtype": "string", "id": null, "_type": "Value"}, "support": {"dtype": "int64", "id": null, "_type": "Value"}}], "source_sentences": [{"text": {"dtype": "string", "id": null, "_type": "Value"}, "source": {"dtype": "string", "id": null, "_type": "Value"}}]}, "post_processed": null, "supervised_keys": null, "builder_name": "ascent_kb", "config_name": "open", "version": {"version_str": "1.0.0", "description": null, "major": 1, "minor": 0, "patch": 0}, "splits": {"train": {"name": "train", "num_bytes": 2882678298, "num_examples": 8904060, "dataset_name": "ascent_kb"}}, "download_checksums": {"https://nextcloud.mpi-klsb.mpg.de/index.php/s/dFLdTQHqiFrt3Q3/download": {"num_bytes": 710727536, "checksum": "51fd88a07bca4fa48a9157dd1d93d9bac88ad2b38b5eae662d2cbfad47895016"}}, "download_size": 710727536, "post_processing_size": null, "dataset_size": 2882678298, "size_in_bytes": 3593405834}}