{"conceptnet5": {"description": "\\ This dataset is designed to provide training data\nfor common sense relationships pulls together from various\nsources. \n\nThe dataset is multi-lingual. See langauge codes and language info\nhere: https://github.com/commonsense/conceptnet5/wiki/Languages\n\n\nThis dataset provides an interface for the conceptnet5 csv file, and\nsome (but not all) of the raw text data used to build conceptnet5:\nomcsnet_sentences_free.txt, and omcsnet_sentences_more.txt.\n\nOne use of this dataset would be to learn to extract the conceptnet\nrelationship from the omcsnet sentences.\n\nConceptnet5 has 34,074,917 relationships. Of those relationships,\nthere are 2,176,099 surface text sentences related to those 2M\nentries.\n\nomcsnet_sentences_free has 898,161 lines. omcsnet_sentences_more has\n2,001,736 lines.\n\nOriginal downloads are available here\nhttps://github.com/commonsense/conceptnet5/wiki/Downloads. For more\ninformation, see: https://github.com/commonsense/conceptnet5/wiki\n\nThe omcsnet data comes with the following warning from the authors of\nthe above site: \n\nRemember: this data comes from various forms of\ncrowdsourcing. Sentences in these files are not necessarily true,\nuseful, or appropriate.\n\n", "citation": "Robyn Speer, Joshua Chin, and Catherine Havasi. 2017. \"ConceptNet 5.5: An Open Multilingual Graph of General Knowledge.\" In proceedings of AAAI 31.\n}\n", "homepage": "https://github.com/commonsense/conceptnet5/wiki", "license": "\nThis work includes data from ConceptNet 5, which was compiled by the\nCommonsense Computing Initiative. ConceptNet 5 is freely available under\nthe Creative Commons Attribution-ShareAlike license (CC BY SA 3.0) from\nhttp://conceptnet.io.\n\nThe included data was created by contributors to Commonsense Computing\nprojects, contributors to Wikimedia projects, DBPedia, OpenCyc, Games\nwith a Purpose, Princeton University's WordNet, Francis Bond's Open\nMultilingual WordNet, and Jim Breen's JMDict.\n\nThere are various othe licenses. See:\nhttps://github.com/commonsense/conceptnet5/wiki/Copying-and-sharing-ConceptNet\n", "features": {"sentence": {"dtype": "string", "id": null, "_type": "Value"}, "full_rel": {"dtype": "string", "id": null, "_type": "Value"}, "rel": {"dtype": "string", "id": null, "_type": "Value"}, "arg1": {"dtype": "string", "id": null, "_type": "Value"}, "arg2": {"dtype": "string", "id": null, "_type": "Value"}, "lang": {"dtype": "string", "id": null, "_type": "Value"}, "extra_info": {"dtype": "string", "id": null, "_type": "Value"}, "weight": {"dtype": "float32", "id": null, "_type": "Value"}}, "post_processed": null, "supervised_keys": null, "builder_name": "conceptnet5", "config_name": "conceptnet5", "version": {"version_str": "5.7.0", "description": null, "major": 5, "minor": 7, "patch": 0}, "splits": {"train": {"name": "train", "num_bytes": 11493868180, "num_examples": 34074917, "dataset_name": "conceptnet5"}}, "download_checksums": {"https://s3.amazonaws.com/conceptnet/downloads/2019/edges/conceptnet-assertions-5.7.0.csv.gz": {"num_bytes": 497963447, "checksum": "accd65fe94038584295574ddc26e1500c1919c8c4532bf771811cafd0948af7e"}}, "download_size": 497963447, "post_processing_size": null, "dataset_size": 11493868180, "size_in_bytes": 11991831627}, "omcs_sentences_free": {"description": "\\ This dataset is designed to provide training data\nfor common sense relationships pulls together from various\nsources. \n\nThe dataset is multi-lingual. See langauge codes and language info\nhere: https://github.com/commonsense/conceptnet5/wiki/Languages\n\n\nThis dataset provides an interface for the conceptnet5 csv file, and\nsome (but not all) of the raw text data used to build conceptnet5:\nomcsnet_sentences_free.txt, and omcsnet_sentences_more.txt.\n\nOne use of this dataset would be to learn to extract the conceptnet\nrelationship from the omcsnet sentences.\n\nConceptnet5 has 34,074,917 relationships. Of those relationships,\nthere are 2,176,099 surface text sentences related to those 2M\nentries.\n\nomcsnet_sentences_free has 898,161 lines. omcsnet_sentences_more has\n2,001,736 lines.\n\nOriginal downloads are available here\nhttps://github.com/commonsense/conceptnet5/wiki/Downloads. For more\ninformation, see: https://github.com/commonsense/conceptnet5/wiki\n\nThe omcsnet data comes with the following warning from the authors of\nthe above site: \n\nRemember: this data comes from various forms of\ncrowdsourcing. Sentences in these files are not necessarily true,\nuseful, or appropriate.\n\n", "citation": "Robyn Speer, Joshua Chin, and Catherine Havasi. 2017. \"ConceptNet 5.5: An Open Multilingual Graph of General Knowledge.\" In proceedings of AAAI 31.\n}\n", "homepage": "https://github.com/commonsense/conceptnet5/wiki", "license": "\nThis work includes data from ConceptNet 5, which was compiled by the\nCommonsense Computing Initiative. ConceptNet 5 is freely available under\nthe Creative Commons Attribution-ShareAlike license (CC BY SA 3.0) from\nhttp://conceptnet.io.\n\nThe included data was created by contributors to Commonsense Computing\nprojects, contributors to Wikimedia projects, DBPedia, OpenCyc, Games\nwith a Purpose, Princeton University's WordNet, Francis Bond's Open\nMultilingual WordNet, and Jim Breen's JMDict.\n\nThere are various othe licenses. See:\nhttps://github.com/commonsense/conceptnet5/wiki/Copying-and-sharing-ConceptNet\n", "features": {"sentence": {"dtype": "string", "id": null, "_type": "Value"}, "raw_data": {"dtype": "string", "id": null, "_type": "Value"}, "lang": {"dtype": "string", "id": null, "_type": "Value"}}, "post_processed": null, "supervised_keys": null, "builder_name": "conceptnet5", "config_name": "omcs_sentences_free", "version": {"version_str": "5.7.0", "description": null, "major": 5, "minor": 7, "patch": 0}, "splits": {"train": {"name": "train", "num_bytes": 174811310, "num_examples": 898160, "dataset_name": "conceptnet5"}}, "download_checksums": {"https://s3.amazonaws.com/conceptnet/downloads/2018/omcs-sentences-free.txt": {"num_bytes": 104247648, "checksum": "ec6c2631d6c2be32cf4332b025aa35064172c26168e89657477ecadf612ec41d"}}, "download_size": 104247648, "post_processing_size": null, "dataset_size": 174811310, "size_in_bytes": 279058958}, "omcs_sentences_more": {"description": "\\ This dataset is designed to provide training data\nfor common sense relationships pulls together from various\nsources. \n\nThe dataset is multi-lingual. See langauge codes and language info\nhere: https://github.com/commonsense/conceptnet5/wiki/Languages\n\n\nThis dataset provides an interface for the conceptnet5 csv file, and\nsome (but not all) of the raw text data used to build conceptnet5:\nomcsnet_sentences_free.txt, and omcsnet_sentences_more.txt.\n\nOne use of this dataset would be to learn to extract the conceptnet\nrelationship from the omcsnet sentences.\n\nConceptnet5 has 34,074,917 relationships. Of those relationships,\nthere are 2,176,099 surface text sentences related to those 2M\nentries.\n\nomcsnet_sentences_free has 898,161 lines. omcsnet_sentences_more has\n2,001,736 lines.\n\nOriginal downloads are available here\nhttps://github.com/commonsense/conceptnet5/wiki/Downloads. For more\ninformation, see: https://github.com/commonsense/conceptnet5/wiki\n\nThe omcsnet data comes with the following warning from the authors of\nthe above site: \n\nRemember: this data comes from various forms of\ncrowdsourcing. Sentences in these files are not necessarily true,\nuseful, or appropriate.\n\n", "citation": "Robyn Speer, Joshua Chin, and Catherine Havasi. 2017. \"ConceptNet 5.5: An Open Multilingual Graph of General Knowledge.\" In proceedings of AAAI 31.\n}\n", "homepage": "https://github.com/commonsense/conceptnet5/wiki", "license": "\nThis work includes data from ConceptNet 5, which was compiled by the\nCommonsense Computing Initiative. ConceptNet 5 is freely available under\nthe Creative Commons Attribution-ShareAlike license (CC BY SA 3.0) from\nhttp://conceptnet.io.\n\nThe included data was created by contributors to Commonsense Computing\nprojects, contributors to Wikimedia projects, DBPedia, OpenCyc, Games\nwith a Purpose, Princeton University's WordNet, Francis Bond's Open\nMultilingual WordNet, and Jim Breen's JMDict.\n\nThere are various othe licenses. See:\nhttps://github.com/commonsense/conceptnet5/wiki/Copying-and-sharing-ConceptNet\n", "features": {"sentence": {"dtype": "string", "id": null, "_type": "Value"}, "raw_data": {"dtype": "string", "id": null, "_type": "Value"}, "lang": {"dtype": "string", "id": null, "_type": "Value"}}, "post_processed": null, "supervised_keys": null, "builder_name": "conceptnet5", "config_name": "omcs_sentences_more", "version": "5.7.0", "splits": {"train": {"name": "train", "num_bytes": 341424279, "num_examples": 2001735, "dataset_name": "conceptnet5"}}, "download_checksums": {"https://s3.amazonaws.com/conceptnet/downloads/2018/omcs-sentences-more.txt": {"num_bytes": 209776958, "checksum": "1bebca297d2c82c44e816bb13d0ea4c1a9c6ee83c435f19e2e5dd744c988d30f"}}, "download_size": 209776958, "post_processing_size": null, "dataset_size": 341424279, "size_in_bytes": 551201237}}