{"default": {"description": "Dataset with clickbait and fake news in Bulgarian. Introduced for the Hack the Fake News 2017.\n", "citation": "@InProceedings{clickbait_news_bg,\ntitle = {Dataset with clickbait and fake news in Bulgarian. Introduced for the Hack the Fake News 2017.},\nauthors={Data Science Society},\nyear={2017},\nurl={https://gitlab.com/datasciencesociety/case_fake_news/}\n}\n", "homepage": "https://gitlab.com/datasciencesociety/case_fake_news/", "license": "", "features": {"fake_news_score": {"num_classes": 2, "names": ["legitimate", "fake"], "names_file": null, "id": null, "_type": "ClassLabel"}, "click_bait_score": {"num_classes": 2, "names": ["normal", "clickbait"], "names_file": null, "id": null, "_type": "ClassLabel"}, "content_title": {"dtype": "string", "id": null, "_type": "Value"}, "content_url": {"dtype": "string", "id": null, "_type": "Value"}, "content_published_time": {"dtype": "string", "id": null, "_type": "Value"}, "content": {"dtype": "string", "id": null, "_type": "Value"}}, "post_processed": null, "supervised_keys": null, "builder_name": "clickbait_news_bg", "config_name": "default", "version": {"version_str": "1.1.0", "description": null, "major": 1, "minor": 1, "patch": 0}, "splits": {"train": {"name": "train", "num_bytes": 24480402, "num_examples": 2815, "dataset_name": "clickbait_news_bg"}, "validation": {"name": "validation", "num_bytes": 6752242, "num_examples": 761, "dataset_name": "clickbait_news_bg"}}, "download_checksums": {"https://gitlab.com/datasciencesociety/case_fake_news/-/raw/master/data/FN_Training_Set.xlsx": {"num_bytes": 6543801, "checksum": "ffb10237c03f06f73b65a63e3eb507ab8683d5bb71b35233b3f7703ff3a60c7e"}, "https://gitlab.com/datasciencesociety/case_fake_news/-/raw/master/data/FN_Validation_Set.xlsx": {"num_bytes": 2025774, "checksum": "56207dfa58f9b3eb20444a919e739321768cd37ad7e53612658a80f483eb003a"}}, "download_size": 8569575, "post_processing_size": null, "dataset_size": 31232644, "size_in_bytes": 39802219}}