{"QDMR-high-level": {"description": "Break is a human annotated dataset of natural language questions and their Question Decomposition Meaning Representations\n(QDMRs). Break consists of 83,978 examples sampled from 10 question answering datasets over text, images and databases. \nThis repository contains the Break dataset along with information on the exact data format.\n", "citation": "@article{Wolfson2020Break,\n  title={Break It Down: A Question Understanding Benchmark},\n  author={Wolfson, Tomer and Geva, Mor and Gupta, Ankit and Gardner, Matt and Goldberg, Yoav and Deutch, Daniel and Berant, Jonathan},\n  journal={Transactions of the Association for Computational Linguistics},\n  year={2020},\n}\n", "homepage": "https://github.com/allenai/Break", "license": "", "features": {"question_id": {"dtype": "string", "id": null, "_type": "Value"}, "question_text": {"dtype": "string", "id": null, "_type": "Value"}, "decomposition": {"dtype": "string", "id": null, "_type": "Value"}, "operators": {"dtype": "string", "id": null, "_type": "Value"}, "split": {"dtype": "string", "id": null, "_type": "Value"}}, "supervised_keys": null, "builder_name": "break_data", "config_name": "QDMR-high-level", "version": {"version_str": "1.0.0", "description": "", "datasets_version_to_prepare": null, "major": 1, "minor": 0, "patch": 0}, "splits": {"test": {"name": "test", "num_bytes": 482339, "num_examples": 3195, "dataset_name": "break_data"}, "train": {"name": "train", "num_bytes": 5148086, "num_examples": 17503, "dataset_name": "break_data"}, "validation": {"name": "validation", "num_bytes": 914780, "num_examples": 3130, "dataset_name": "break_data"}}, "download_checksums": {"https://github.com/allenai/Break/raw/master/break_dataset/Break-dataset.zip": {"num_bytes": 15971078, "checksum": "37efea4fa1b7774d077ff0452e5e199cecba8216c12da76781010f189d1cf259"}}, "download_size": 15971078, "dataset_size": 6545205, "size_in_bytes": 22516283}, "QDMR-high-level-lexicon": {"description": "Break is a human annotated dataset of natural language questions and their Question Decomposition Meaning Representations\n(QDMRs). Break consists of 83,978 examples sampled from 10 question answering datasets over text, images and databases. \nThis repository contains the Break dataset along with information on the exact data format.\n", "citation": "@article{Wolfson2020Break,\n  title={Break It Down: A Question Understanding Benchmark},\n  author={Wolfson, Tomer and Geva, Mor and Gupta, Ankit and Gardner, Matt and Goldberg, Yoav and Deutch, Daniel and Berant, Jonathan},\n  journal={Transactions of the Association for Computational Linguistics},\n  year={2020},\n}\n", "homepage": "https://github.com/allenai/Break", "license": "", "features": {"source": {"dtype": "string", "id": null, "_type": "Value"}, "allowed_tokens": {"dtype": "string", "id": null, "_type": "Value"}}, "supervised_keys": null, "builder_name": "break_data", "config_name": "QDMR-high-level-lexicon", "version": {"version_str": "1.0.0", "description": "", "datasets_version_to_prepare": null, "major": 1, "minor": 0, "patch": 0}, "splits": {"test": {"name": "test", "num_bytes": 4240755, "num_examples": 3195, "dataset_name": "break_data"}, "train": {"name": "train", "num_bytes": 23234518, "num_examples": 17503, "dataset_name": "break_data"}, "validation": {"name": "validation", "num_bytes": 4158679, "num_examples": 3130, "dataset_name": "break_data"}}, "download_checksums": {"https://github.com/allenai/Break/raw/master/break_dataset/Break-dataset.zip": {"num_bytes": 15971078, "checksum": "37efea4fa1b7774d077ff0452e5e199cecba8216c12da76781010f189d1cf259"}}, "download_size": 15971078, "dataset_size": 31633952, "size_in_bytes": 47605030}, "QDMR": {"description": "Break is a human annotated dataset of natural language questions and their Question Decomposition Meaning Representations\n(QDMRs). Break consists of 83,978 examples sampled from 10 question answering datasets over text, images and databases. \nThis repository contains the Break dataset along with information on the exact data format.\n", "citation": "@article{Wolfson2020Break,\n  title={Break It Down: A Question Understanding Benchmark},\n  author={Wolfson, Tomer and Geva, Mor and Gupta, Ankit and Gardner, Matt and Goldberg, Yoav and Deutch, Daniel and Berant, Jonathan},\n  journal={Transactions of the Association for Computational Linguistics},\n  year={2020},\n}\n", "homepage": "https://github.com/allenai/Break", "license": "", "features": {"question_id": {"dtype": "string", "id": null, "_type": "Value"}, "question_text": {"dtype": "string", "id": null, "_type": "Value"}, "decomposition": {"dtype": "string", "id": null, "_type": "Value"}, "operators": {"dtype": "string", "id": null, "_type": "Value"}, "split": {"dtype": "string", "id": null, "_type": "Value"}}, "supervised_keys": null, "builder_name": "break_data", "config_name": "QDMR", "version": {"version_str": "1.0.0", "description": "", "datasets_version_to_prepare": null, "major": 1, "minor": 0, "patch": 0}, "splits": {"test": {"name": "test", "num_bytes": 900632, "num_examples": 8069, "dataset_name": "break_data"}, "train": {"name": "train", "num_bytes": 12790466, "num_examples": 44321, "dataset_name": "break_data"}, "validation": {"name": "validation", "num_bytes": 2237472, "num_examples": 7760, "dataset_name": "break_data"}}, "download_checksums": {"https://github.com/allenai/Break/raw/master/break_dataset/Break-dataset.zip": {"num_bytes": 15971078, "checksum": "37efea4fa1b7774d077ff0452e5e199cecba8216c12da76781010f189d1cf259"}}, "download_size": 15971078, "dataset_size": 15928570, "size_in_bytes": 31899648}, "QDMR-lexicon": {"description": "Break is a human annotated dataset of natural language questions and their Question Decomposition Meaning Representations\n(QDMRs). Break consists of 83,978 examples sampled from 10 question answering datasets over text, images and databases. \nThis repository contains the Break dataset along with information on the exact data format.\n", "citation": "@article{Wolfson2020Break,\n  title={Break It Down: A Question Understanding Benchmark},\n  author={Wolfson, Tomer and Geva, Mor and Gupta, Ankit and Gardner, Matt and Goldberg, Yoav and Deutch, Daniel and Berant, Jonathan},\n  journal={Transactions of the Association for Computational Linguistics},\n  year={2020},\n}\n", "homepage": "https://github.com/allenai/Break", "license": "", "features": {"source": {"dtype": "string", "id": null, "_type": "Value"}, "allowed_tokens": {"dtype": "string", "id": null, "_type": "Value"}}, "supervised_keys": null, "builder_name": "break_data", "config_name": "QDMR-lexicon", "version": {"version_str": "1.0.0", "description": "", "datasets_version_to_prepare": null, "major": 1, "minor": 0, "patch": 0}, "splits": {"test": {"name": "test", "num_bytes": 10331822, "num_examples": 8069, "dataset_name": "break_data"}, "train": {"name": "train", "num_bytes": 56913064, "num_examples": 44321, "dataset_name": "break_data"}, "validation": {"name": "validation", "num_bytes": 9936933, "num_examples": 7760, "dataset_name": "break_data"}}, "download_checksums": {"https://github.com/allenai/Break/raw/master/break_dataset/Break-dataset.zip": {"num_bytes": 15971078, "checksum": "37efea4fa1b7774d077ff0452e5e199cecba8216c12da76781010f189d1cf259"}}, "download_size": 15971078, "dataset_size": 77181819, "size_in_bytes": 93152897}, "logical-forms": {"description": "Break is a human annotated dataset of natural language questions and their Question Decomposition Meaning Representations\n(QDMRs). Break consists of 83,978 examples sampled from 10 question answering datasets over text, images and databases. \nThis repository contains the Break dataset along with information on the exact data format.\n", "citation": "@article{Wolfson2020Break,\n  title={Break It Down: A Question Understanding Benchmark},\n  author={Wolfson, Tomer and Geva, Mor and Gupta, Ankit and Gardner, Matt and Goldberg, Yoav and Deutch, Daniel and Berant, Jonathan},\n  journal={Transactions of the Association for Computational Linguistics},\n  year={2020},\n}\n", "homepage": "https://github.com/allenai/Break", "license": "", "features": {"question_id": {"dtype": "string", "id": null, "_type": "Value"}, "question_text": {"dtype": "string", "id": null, "_type": "Value"}, "decomposition": {"dtype": "string", "id": null, "_type": "Value"}, "operators": {"dtype": "string", "id": null, "_type": "Value"}, "split": {"dtype": "string", "id": null, "_type": "Value"}, "program": {"dtype": "string", "id": null, "_type": "Value"}}, "supervised_keys": null, "builder_name": "break_data", "config_name": "logical-forms", "version": {"version_str": "1.0.0", "description": "", "datasets_version_to_prepare": null, "major": 1, "minor": 0, "patch": 0}, "splits": {"test": {"name": "test", "num_bytes": 927038, "num_examples": 8006, "dataset_name": "break_data"}, "train": {"name": "train", "num_bytes": 19821676, "num_examples": 44098, "dataset_name": "break_data"}, "validation": {"name": "validation", "num_bytes": 3504893, "num_examples": 7719, "dataset_name": "break_data"}}, "download_checksums": {"https://github.com/allenai/Break/raw/master/break_dataset/Break-dataset.zip": {"num_bytes": 15971078, "checksum": "37efea4fa1b7774d077ff0452e5e199cecba8216c12da76781010f189d1cf259"}}, "download_size": 15971078, "dataset_size": 24253607, "size_in_bytes": 40224685}}