{"default": {"description": "The Circa (meaning \u2018approximately\u2019) dataset aims to help machine learning systems\nto solve the problem of interpreting indirect answers to polar questions.\n\nThe dataset contains pairs of yes/no questions and indirect answers, together with\nannotations for the interpretation of the answer. The data is collected in 10\ndifferent social conversational situations (eg. food preferences of a friend).\n\nNOTE: There might be missing labels in the dataset and we have replaced them with -1.\nThe original dataset contains no train/dev/test splits.\n", "citation": "@InProceedings{louis_emnlp2020,\n  author =      \"Annie Louis and Dan Roth and Filip Radlinski\",\n  title =       \"\"{I}'d rather just go to bed\": {U}nderstanding {I}ndirect {A}nswers\",\n  booktitle =   \"Proceedings of the 2020 Conference on Empirical Methods\n  in Natural Language Processing\",\n  year =        \"2020\",\n}\n", "homepage": "https://github.com/google-research-datasets/circa", "license": "Creative Commons Attribution 4.0 License", "features": {"context": {"dtype": "string", "id": null, "_type": "Value"}, "question-X": {"dtype": "string", "id": null, "_type": "Value"}, "canquestion-X": {"dtype": "string", "id": null, "_type": "Value"}, "answer-Y": {"dtype": "string", "id": null, "_type": "Value"}, "judgements": {"dtype": "string", "id": null, "_type": "Value"}, "goldstandard1": {"num_classes": 8, "names": ["Yes", "No", "In the middle, neither yes nor no", "Probably yes / sometimes yes", "Probably no", "Yes, subject to some conditions", "Other", "I am not sure how X will interpret Y\u2019s answer"], "names_file": null, "id": null, "_type": "ClassLabel"}, "goldstandard2": {"num_classes": 5, "names": ["Yes", "No", "In the middle, neither yes nor no", "Yes, subject to some conditions", "Other"], "names_file": null, "id": null, "_type": "ClassLabel"}}, "post_processed": null, "supervised_keys": null, "builder_name": "circa", "config_name": "default", "version": {"version_str": "1.1.0", "description": null, "major": 1, "minor": 1, "patch": 0}, "splits": {"train": {"name": "train", "num_bytes": 8149489, "num_examples": 34268, "dataset_name": "circa"}}, "download_checksums": {"https://raw.githubusercontent.com/google-research-datasets/circa/main/circa-data.tsv": {"num_bytes": 7766077, "checksum": "98454df6b716dd7ff5f83a3db298849f05414688e81c2ee21b8e5a548ed897aa"}}, "download_size": 7766077, "post_processing_size": null, "dataset_size": 8149489, "size_in_bytes": 15915566}}