{"default": {"description": "\nThe BrWaC (Brazilian Portuguese Web as Corpus) is a large corpus constructed following the Wacky framework,\nwhich was made public for research purposes. The current corpus version, released in January 2017, is composed by\n3.53 million documents, 2.68 billion tokens and 5.79 million types. Please note that this resource is available\nsolely for academic research purposes, and you agreed not to use it for any commercial applications.\nManually download at https://www.inf.ufrgs.br/pln/wiki/index.php?title=BrWaC\n", "citation": "\n@inproceedings{wagner2018brwac,\n  title={The brwac corpus: A new open resource for brazilian portuguese},\n  author={Wagner Filho, Jorge A and Wilkens, Rodrigo and Idiart, Marco and Villavicencio, Aline},\n  booktitle={Proceedings of the Eleventh International Conference on Language Resources and Evaluation (LREC 2018)},\n  year={2018}\n}\n", "homepage": "https://www.inf.ufrgs.br/pln/wiki/index.php?title=BrWaC", "license": "", "features": {"doc_id": {"dtype": "string", "id": null, "_type": "Value"}, "title": {"dtype": "string", "id": null, "_type": "Value"}, "uri": {"dtype": "string", "id": null, "_type": "Value"}, "text": {"feature": {"paragraphs": {"feature": {"dtype": "string", "id": null, "_type": "Value"}, "length": -1, "id": null, "_type": "Sequence"}}, "length": -1, "id": null, "_type": "Sequence"}}, "post_processed": null, "supervised_keys": null, "builder_name": "brwac", "config_name": "default", "version": {"version_str": "1.0.0", "description": null, "major": 1, "minor": 0, "patch": 0}, "splits": {"train": {"name": "train", "num_bytes": 18828421452, "num_examples": 3530796, "dataset_name": "brwac"}}, "download_checksums": {}, "download_size": 0, "post_processing_size": null, "dataset_size": 18828421452, "size_in_bytes": 18828421452}}