{"default": {"description": "A dataset of 1.7 million arXiv articles for applications like trend analysis, paper recommender engines, category prediction, co-citation networks, knowledge graph construction and semantic search interfaces.\n", "citation": "@misc{clement2019arxiv,\n    title={On the Use of ArXiv as a Dataset},\n    author={Colin B. Clement and Matthew Bierbaum and Kevin P. O'Keeffe and Alexander A. Alemi},\n    year={2019},\n    eprint={1905.00075},\n    archivePrefix={arXiv},\n    primaryClass={cs.IR}\n}\n", "homepage": "https://www.kaggle.com/Cornell-University/arxiv", "license": "", "features": {"id": {"dtype": "string", "id": null, "_type": "Value"}, "submitter": {"dtype": "string", "id": null, "_type": "Value"}, "authors": {"dtype": "string", "id": null, "_type": "Value"}, "title": {"dtype": "string", "id": null, "_type": "Value"}, "comments": {"dtype": "string", "id": null, "_type": "Value"}, "journal-ref": {"dtype": "string", "id": null, "_type": "Value"}, "doi": {"dtype": "string", "id": null, "_type": "Value"}, "report-no": {"dtype": "string", "id": null, "_type": "Value"}, "categories": {"dtype": "string", "id": null, "_type": "Value"}, "license": {"dtype": "string", "id": null, "_type": "Value"}, "abstract": {"dtype": "string", "id": null, "_type": "Value"}, "update_date": {"dtype": "string", "id": null, "_type": "Value"}}, "post_processed": null, "supervised_keys": null, "builder_name": "arxiv_dataset", "config_name": "default", "version": {"version_str": "1.1.0", "description": null, "major": 1, "minor": 1, "patch": 0}, "splits": {"train": {"name": "train", "num_bytes": 2246545603, "num_examples": 1796911, "dataset_name": "arxiv_dataset"}}, "download_checksums": {}, "download_size": 0, "post_processing_size": null, "dataset_size": 2246545603, "size_in_bytes": 2246545603}}