{"afrikaans_ner_corpus": {"description": "Named entity annotated data from the NCHLT Text Resource Development: Phase II Project, annotated with PERSON, LOCATION, ORGANISATION and MISCELLANEOUS tags.\n", "citation": "@inproceedings{afrikaans_ner_corpus,\n  author    = {\tGerhard van Huyssteen and\n                Martin Puttkammer and\n                E.B. Trollip and\n                J.C. Liversage and\n              Roald Eiselen},\n  title     = {NCHLT Afrikaans Named Entity Annotated Corpus},\n  booktitle = {Eiselen, R. 2016. Government domain named entity recognition for South African languages. Proceedings of the 10th      Language Resource and Evaluation Conference, Portoro\u017e, Slovenia.},\n  year      = {2016},\n  url       = {https://repo.sadilar.org/handle/20.500.12185/299},\n}\n", "homepage": "https://repo.sadilar.org/handle/20.500.12185/299", "license": "", "features": {"id": {"dtype": "string", "id": null, "_type": "Value"}, "tokens": {"feature": {"dtype": "string", "id": null, "_type": "Value"}, "length": -1, "id": null, "_type": "Sequence"}, "ner_tags": {"feature": {"num_classes": 9, "names": ["OUT", "B-PERS", "I-PERS", "B-ORG", "I-ORG", "B-LOC", "I-LOC", "B-MISC", "I-MISC"], "names_file": null, "id": null, "_type": "ClassLabel"}, "length": -1, "id": null, "_type": "Sequence"}}, "post_processed": null, "supervised_keys": null, "builder_name": "afrikaans_ner_corpus", "config_name": "afrikaans_ner_corpus", "version": {"version_str": "1.0.0", "description": null, "major": 1, "minor": 0, "patch": 0}, "splits": {"train": {"name": "train", "num_bytes": 4025667, "num_examples": 8962, "dataset_name": "afrikaans_ner_corpus"}}, "download_checksums": {"https://repo.sadilar.org/bitstream/handle/20.500.12185/299/nchlt_afrikaans_named_entity_annotated_corpus.zip?sequence=3&isAllowed=y": {"num_bytes": 25748344, "checksum": "cd609b86c1ab5505f24a5a2ca8b2ceb023fcd779b86ecf94c467b7f085c80ed9"}}, "download_size": 25748344, "post_processing_size": null, "dataset_size": 4025667, "size_in_bytes": 29774011}}