{"metadata": {"description": "The Covid-19 Open Research Dataset (CORD-19) is a growing resource of scientific papers on Covid-19 and related\nhistorical coronavirus research. CORD-19 is designed to facilitate the development of text mining and information\nretrieval systems over its rich collection of metadata and structured full text papers. Since its release, CORD-19\nhas been downloaded over 75K times and has served as the basis of many Covid-19 text mining and discovery systems.\n\nThe dataset itself isn't defining a specific task, but there is a Kaggle challenge that define 17 open research\nquestions to be solved with the dataset: https://www.kaggle.com/allen-institute-for-ai/CORD-19-research-challenge/tasks\n", "citation": "@article{Wang2020CORD19TC,\n  title={CORD-19: The Covid-19 Open Research Dataset},\n  author={Lucy Lu Wang and Kyle Lo and Yoganand Chandrasekhar and Russell Reas and Jiangjiang Yang and Darrin Eide and\n  K. Funk and Rodney Michael Kinney and Ziyang Liu and W. Merrill and P. Mooney and D. Murdick and Devvret Rishi and\n  Jerry Sheehan and Zhihong Shen and B. Stilson and A. Wade and K. Wang and Christopher Wilhelm and Boya Xie and\n  D. Raymond and Daniel S. Weld and Oren Etzioni and Sebastian Kohlmeier},\n  journal={ArXiv},\n  year={2020}\n}\n", "homepage": "https://www.semanticscholar.org/cord19/download", "license": "", "features": {"cord_uid": {"dtype": "string", "id": null, "_type": "Value"}, "sha": {"dtype": "string", "id": null, "_type": "Value"}, "source_x": {"dtype": "string", "id": null, "_type": "Value"}, "title": {"dtype": "string", "id": null, "_type": "Value"}, "doi": {"dtype": "string", "id": null, "_type": "Value"}, "abstract": {"dtype": "string", "id": null, "_type": "Value"}, "publish_time": {"dtype": "string", "id": null, "_type": "Value"}, "authors": {"dtype": "string", "id": null, "_type": "Value"}, "journal": {"dtype": "string", "id": null, "_type": "Value"}, "url": {"dtype": "string", "id": null, "_type": "Value"}}, "post_processed": null, "supervised_keys": null, "builder_name": "cord19", "config_name": "metadata", "version": {"version_str": "0.0.0", "description": null, "major": 0, "minor": 0, "patch": 0}, "splits": {"train": {"name": "train", "num_bytes": 496247275, "num_examples": 368618, "dataset_name": "cord19"}}, "download_checksums": {"https://ai2-semanticscholar-cord-19.s3-us-west-2.amazonaws.com/historical_releases/cord-19_2020-11-29.tar.gz": {"num_bytes": 6142360818, "checksum": "56df7c715beaf8b84435f91b27fd7c8d9d1f50c6d04804bcf490e541d19d1783"}}, "download_size": 6142360818, "post_processing_size": null, "dataset_size": 496247275, "size_in_bytes": 6638608093}, "fulltext": {"description": "The Covid-19 Open Research Dataset (CORD-19) is a growing resource of scientific papers on Covid-19 and related\nhistorical coronavirus research. CORD-19 is designed to facilitate the development of text mining and information\nretrieval systems over its rich collection of metadata and structured full text papers. Since its release, CORD-19\nhas been downloaded over 75K times and has served as the basis of many Covid-19 text mining and discovery systems.\n\nThe dataset itself isn't defining a specific task, but there is a Kaggle challenge that define 17 open research\nquestions to be solved with the dataset: https://www.kaggle.com/allen-institute-for-ai/CORD-19-research-challenge/tasks\n", "citation": "@article{Wang2020CORD19TC,\n  title={CORD-19: The Covid-19 Open Research Dataset},\n  author={Lucy Lu Wang and Kyle Lo and Yoganand Chandrasekhar and Russell Reas and Jiangjiang Yang and Darrin Eide and\n  K. Funk and Rodney Michael Kinney and Ziyang Liu and W. Merrill and P. Mooney and D. Murdick and Devvret Rishi and\n  Jerry Sheehan and Zhihong Shen and B. Stilson and A. Wade and K. Wang and Christopher Wilhelm and Boya Xie and\n  D. Raymond and Daniel S. Weld and Oren Etzioni and Sebastian Kohlmeier},\n  journal={ArXiv},\n  year={2020}\n}\n", "homepage": "https://www.semanticscholar.org/cord19/download", "license": "", "features": {"cord_uid": {"dtype": "string", "id": null, "_type": "Value"}, "sha": {"dtype": "string", "id": null, "_type": "Value"}, "source_x": {"dtype": "string", "id": null, "_type": "Value"}, "title": {"dtype": "string", "id": null, "_type": "Value"}, "doi": {"dtype": "string", "id": null, "_type": "Value"}, "abstract": {"dtype": "string", "id": null, "_type": "Value"}, "publish_time": {"dtype": "string", "id": null, "_type": "Value"}, "authors": {"dtype": "string", "id": null, "_type": "Value"}, "journal": {"dtype": "string", "id": null, "_type": "Value"}, "url": {"dtype": "string", "id": null, "_type": "Value"}, "fulltext": {"dtype": "string", "id": null, "_type": "Value"}}, "post_processed": null, "supervised_keys": null, "builder_name": "cord19", "config_name": "fulltext", "version": {"version_str": "0.0.0", "description": null, "major": 0, "minor": 0, "patch": 0}, "splits": {"train": {"name": "train", "num_bytes": 3718245736, "num_examples": 368618, "dataset_name": "cord19"}}, "download_checksums": {"https://ai2-semanticscholar-cord-19.s3-us-west-2.amazonaws.com/historical_releases/cord-19_2020-11-29.tar.gz": {"num_bytes": 6142360818, "checksum": "56df7c715beaf8b84435f91b27fd7c8d9d1f50c6d04804bcf490e541d19d1783"}}, "download_size": 6142360818, "post_processing_size": null, "dataset_size": 3718245736, "size_in_bytes": 9860606554}, "embeddings": {"description": "The Covid-19 Open Research Dataset (CORD-19) is a growing resource of scientific papers on Covid-19 and related\nhistorical coronavirus research. CORD-19 is designed to facilitate the development of text mining and information\nretrieval systems over its rich collection of metadata and structured full text papers. Since its release, CORD-19\nhas been downloaded over 75K times and has served as the basis of many Covid-19 text mining and discovery systems.\n\nThe dataset itself isn't defining a specific task, but there is a Kaggle challenge that define 17 open research\nquestions to be solved with the dataset: https://www.kaggle.com/allen-institute-for-ai/CORD-19-research-challenge/tasks\n", "citation": "@article{Wang2020CORD19TC,\n  title={CORD-19: The Covid-19 Open Research Dataset},\n  author={Lucy Lu Wang and Kyle Lo and Yoganand Chandrasekhar and Russell Reas and Jiangjiang Yang and Darrin Eide and\n  K. Funk and Rodney Michael Kinney and Ziyang Liu and W. Merrill and P. Mooney and D. Murdick and Devvret Rishi and\n  Jerry Sheehan and Zhihong Shen and B. Stilson and A. Wade and K. Wang and Christopher Wilhelm and Boya Xie and\n  D. Raymond and Daniel S. Weld and Oren Etzioni and Sebastian Kohlmeier},\n  journal={ArXiv},\n  year={2020}\n}\n", "homepage": "https://www.semanticscholar.org/cord19/download", "license": "", "features": {"cord_uid": {"dtype": "string", "id": null, "_type": "Value"}, "sha": {"dtype": "string", "id": null, "_type": "Value"}, "source_x": {"dtype": "string", "id": null, "_type": "Value"}, "title": {"dtype": "string", "id": null, "_type": "Value"}, "doi": {"dtype": "string", "id": null, "_type": "Value"}, "abstract": {"dtype": "string", "id": null, "_type": "Value"}, "publish_time": {"dtype": "string", "id": null, "_type": "Value"}, "authors": {"dtype": "string", "id": null, "_type": "Value"}, "journal": {"dtype": "string", "id": null, "_type": "Value"}, "url": {"dtype": "string", "id": null, "_type": "Value"}, "doc_embeddings": {"feature": {"dtype": "float64", "id": null, "_type": "Value"}, "length": -1, "id": null, "_type": "Sequence"}}, "post_processed": null, "supervised_keys": null, "builder_name": "cord19", "config_name": "embeddings", "version": "0.0.0", "splits": {"train": {"name": "train", "num_bytes": 2759561943, "num_examples": 368618, "dataset_name": "cord19"}}, "download_checksums": {"https://ai2-semanticscholar-cord-19.s3-us-west-2.amazonaws.com/historical_releases/cord-19_2020-11-29.tar.gz": {"num_bytes": 6142360818, "checksum": "56df7c715beaf8b84435f91b27fd7c8d9d1f50c6d04804bcf490e541d19d1783"}}, "download_size": 6142360818, "post_processing_size": null, "dataset_size": 2759561943, "size_in_bytes": 8901922761}}