{"main": {"description": "This new dataset is designed to solve emotion recognition task for text data in Russian. The Corpus for Emotions Detecting in\nRussian-language text sentences of different social sources (CEDR) contains 9410 sentences in Russian labeled for 5 emotion\ncategories. The data collected from different sources: posts of the LiveJournal social network, texts of the online news\nagency Lenta.ru, and Twitter microblog posts. There are two variants of the corpus: main and enriched. The enriched variant\nis include tokenization and lemmatization. Dataset with predefined train/test splits.\n", "citation": "@article{sboev2021data,\n  title={Data-Driven Model for Emotion Detection in Russian Texts},\n  author={Sboev, Alexander and Naumov, Aleksandr and Rybka, Roman},\n  journal={Procedia Computer Science},\n  volume={190},\n  pages={637--642},\n  year={2021},\n  publisher={Elsevier}\n}\n", "homepage": "https://github.com/sag111/CEDR", "license": "http://www.apache.org/licenses/LICENSE-2.0", "features": {"text": {"dtype": "string", "id": null, "_type": "Value"}, "labels": {"feature": {"num_classes": 5, "names": ["joy", "sadness", "surprise", "fear", "anger"], "names_file": null, "id": null, "_type": "ClassLabel"}, "length": -1, "id": null, "_type": "Sequence"}, "source": {"dtype": "string", "id": null, "_type": "Value"}}, "post_processed": null, "supervised_keys": null, "task_templates": null, "builder_name": "cedr", "config_name": "main", "version": {"version_str": "0.1.1", "description": null, "major": 0, "minor": 1, "patch": 1}, "splits": {"train": {"name": "train", "num_bytes": 1418355, "num_examples": 7528, "dataset_name": "cedr"}, "test": {"name": "test", "num_bytes": 350275, "num_examples": 1882, "dataset_name": "cedr"}}, "download_checksums": {"https://sagteam.ru/cedr/main.zip": {"num_bytes": 693026, "checksum": "d81e6d19679a903773b8776c4c0f68755d55596e6b34866fbaa9d39d2e385bd3"}}, "download_size": 693026, "post_processing_size": null, "dataset_size": 1768630, "size_in_bytes": 2461656}, "enriched": {"description": "This new dataset is designed to solve emotion recognition task for text data in Russian. The Corpus for Emotions Detecting in\nRussian-language text sentences of different social sources (CEDR) contains 9410 sentences in Russian labeled for 5 emotion\ncategories. The data collected from different sources: posts of the LiveJournal social network, texts of the online news\nagency Lenta.ru, and Twitter microblog posts. There are two variants of the corpus: main and enriched. The enriched variant\nis include tokenization and lemmatization. Dataset with predefined train/test splits.\n", "citation": "@article{sboev2021data,\n  title={Data-Driven Model for Emotion Detection in Russian Texts},\n  author={Sboev, Alexander and Naumov, Aleksandr and Rybka, Roman},\n  journal={Procedia Computer Science},\n  volume={190},\n  pages={637--642},\n  year={2021},\n  publisher={Elsevier}\n}\n", "homepage": "https://github.com/sag111/CEDR", "license": "http://www.apache.org/licenses/LICENSE-2.0", "features": {"text": {"dtype": "string", "id": null, "_type": "Value"}, "labels": {"feature": {"num_classes": 5, "names": ["joy", "sadness", "surprise", "fear", "anger"], "names_file": null, "id": null, "_type": "ClassLabel"}, "length": -1, "id": null, "_type": "Sequence"}, "source": {"dtype": "string", "id": null, "_type": "Value"}, "sentences": [[{"forma": {"dtype": "string", "id": null, "_type": "Value"}, "lemma": {"dtype": "string", "id": null, "_type": "Value"}}]]}, "post_processed": null, "supervised_keys": null, "task_templates": null, "builder_name": "cedr", "config_name": "enriched", "version": {"version_str": "0.1.1", "description": null, "major": 0, "minor": 1, "patch": 1}, "splits": {"train": {"name": "train", "num_bytes": 4792366, "num_examples": 7528, "dataset_name": "cedr"}, "test": {"name": "test", "num_bytes": 1182343, "num_examples": 1882, "dataset_name": "cedr"}}, "download_checksums": {"https://sagteam.ru/cedr/enriched.zip": {"num_bytes": 1822522, "checksum": "3b0ee43108ca6a52ce21037d35c99538a4a80e9dba5bd3d02b3ff17d4d89b2b7"}}, "download_size": 1822522, "post_processing_size": null, "dataset_size": 5974709, "size_in_bytes": 7797231}}