{"cdsc-e": {"description": "Polish CDSCorpus consists of 10K Polish sentence pairs which are human-annotated for semantic relatedness and entailment. The dataset may be used for the evaluation of compositional distributional semantics models of Polish. The dataset was presented at ACL 2017. Please refer to the Wr\u00f3blewska and Krasnowska-Kiera\u015b (2017) for a detailed description of the resource.\n", "citation": "@inproceedings{wroblewska2017polish,\ntitle={Polish evaluation dataset for compositional distributional semantics models},\nauthor={Wr{'o}blewska, Alina and Krasnowska-Kiera{'s}, Katarzyna},\nbooktitle={Proceedings of the 55th Annual Meeting of the Association for Computational Linguistics (Volume 1: Long Papers)},\npages={784--792},\nyear={2017}\n}\n", "homepage": "http://zil.ipipan.waw.pl/Scwad/CDSCorpus", "license": "CC BY-NC-SA 4.0", "features": {"pair_ID": {"dtype": "int32", "id": null, "_type": "Value"}, "sentence_A": {"dtype": "string", "id": null, "_type": "Value"}, "sentence_B": {"dtype": "string", "id": null, "_type": "Value"}, "entailment_judgment": {"num_classes": 3, "names": ["NEUTRAL", "CONTRADICTION", "ENTAILMENT"], "names_file": null, "id": null, "_type": "ClassLabel"}}, "post_processed": null, "supervised_keys": null, "builder_name": "cdsc", "config_name": "cdsc-e", "version": {"version_str": "1.1.0", "description": null, "major": 1, "minor": 1, "patch": 0}, "splits": {"train": {"name": "train", "num_bytes": 1381902, "num_examples": 8000, "dataset_name": "cdsc"}, "test": {"name": "test", "num_bytes": 179400, "num_examples": 1000, "dataset_name": "cdsc"}, "validation": {"name": "validation", "num_bytes": 174662, "num_examples": 1000, "dataset_name": "cdsc"}}, "download_checksums": {"https://klejbenchmark.com/static/data/klej_cdsc-e.zip": {"num_bytes": 376079, "checksum": "5314b3294ec36c49793e83ed1923c4551bda3fe15c6060eddbc57d3b15c19c05"}}, "download_size": 376079, "post_processing_size": null, "dataset_size": 1735964, "size_in_bytes": 2112043}, "cdsc-r": {"description": "Polish CDSCorpus consists of 10K Polish sentence pairs which are human-annotated for semantic relatedness and entailment. The dataset may be used for the evaluation of compositional distributional semantics models of Polish. The dataset was presented at ACL 2017. Please refer to the Wr\u00f3blewska and Krasnowska-Kiera\u015b (2017) for a detailed description of the resource.\n", "citation": "@inproceedings{wroblewska2017polish,\ntitle={Polish evaluation dataset for compositional distributional semantics models},\nauthor={Wr{'o}blewska, Alina and Krasnowska-Kiera{'s}, Katarzyna},\nbooktitle={Proceedings of the 55th Annual Meeting of the Association for Computational Linguistics (Volume 1: Long Papers)},\npages={784--792},\nyear={2017}\n}\n", "homepage": "http://zil.ipipan.waw.pl/Scwad/CDSCorpus", "license": "CC BY-NC-SA 4.0", "features": {"pair_ID": {"dtype": "int32", "id": null, "_type": "Value"}, "sentence_A": {"dtype": "string", "id": null, "_type": "Value"}, "sentence_B": {"dtype": "string", "id": null, "_type": "Value"}, "relatedness_score": {"dtype": "float32", "id": null, "_type": "Value"}}, "post_processed": null, "supervised_keys": null, "builder_name": "cdsc", "config_name": "cdsc-r", "version": {"version_str": "1.1.0", "description": null, "major": 1, "minor": 1, "patch": 0}, "splits": {"train": {"name": "train", "num_bytes": 1349902, "num_examples": 8000, "dataset_name": "cdsc"}, "test": {"name": "test", "num_bytes": 175400, "num_examples": 1000, "dataset_name": "cdsc"}, "validation": {"name": "validation", "num_bytes": 170662, "num_examples": 1000, "dataset_name": "cdsc"}}, "download_checksums": {"https://klejbenchmark.com/static/data/klej_cdsc-r.zip": {"num_bytes": 381525, "checksum": "3e3358cc120bc0475e3944bd4491943a3b94d2fb4ed35773aa550ec99a1a70cc"}}, "download_size": 381525, "post_processing_size": null, "dataset_size": 1695964, "size_in_bytes": 2077489}}