{"default": {"description": "The Mathematics Aptitude Test of Heuristics (MATH) dataset consists of problems\nfrom mathematics competitions, including the AMC 10, AMC 12, AIME, and more.\nEach problem in MATH has a full step-by-step solution, which can be used to teach\nmodels to generate answer derivations and explanations.\n", "citation": "@article{hendrycksmath2021,\n  title={Measuring Mathematical Problem Solving With the MATH Dataset},\n  author={Dan Hendrycks\n    and Collin Burns\n    and Saurav Kadavath\n    and Akul Arora\n    and Steven Basart\n    and Eric Tang\n    and Dawn Song\n    and Jacob Steinhardt},\n  journal={arXiv preprint arXiv:2103.03874},\n  year={2021}\n}\n", "homepage": "https://github.com/hendrycks/math", "license": "https://github.com/hendrycks/math/blob/main/LICENSE", "features": {"problem": {"dtype": "string", "id": null, "_type": "Value"}, "level": {"dtype": "string", "id": null, "_type": "Value"}, "type": {"dtype": "string", "id": null, "_type": "Value"}, "solution": {"dtype": "string", "id": null, "_type": "Value"}}, "post_processed": null, "supervised_keys": null, "task_templates": null, "builder_name": "competition_math_dataset", "config_name": "default", "version": {"version_str": "1.0.0", "description": null, "major": 1, "minor": 0, "patch": 0}, "splits": {"train": {"name": "train", "num_bytes": 5984788, "num_examples": 7500, "dataset_name": "competition_math_dataset"}, "test": {"name": "test", "num_bytes": 3732575, "num_examples": 5000, "dataset_name": "competition_math_dataset"}}, "download_checksums": {"https://people.eecs.berkeley.edu/~hendrycks/MATH.tar": {"num_bytes": 20327424, "checksum": "01256fd7cd5430596fdf07e6e6a5827111b5235b7ffed679c662a12f898932da"}}, "download_size": 20327424, "post_processing_size": null, "dataset_size": 9717363, "size_in_bytes": 30044787}}