{"conv_ai": {"description": "ConvAI is a dataset of human-to-bot conversations labelled for quality. This data can be used to train a metric for evaluating dialogue systems. Moreover, it can be used in the development of chatbots themselves: it contains the information on the quality of utterances and entire dialogues, that can guide a dialogue system in search of better answers.\n", "citation": "", "homepage": "https://github.com/DeepPavlov/convai/tree/master/2017", "license": "", "features": {"id": {"dtype": "int32", "id": null, "_type": "Value"}, "dialogId": {"dtype": "int32", "id": null, "_type": "Value"}, "context": {"dtype": "string", "id": null, "_type": "Value"}, "users": [{"userType": {"dtype": "string", "id": null, "_type": "Value"}, "id": {"dtype": "string", "id": null, "_type": "Value"}}], "evaluation": [{"breadth": {"dtype": "int32", "id": null, "_type": "Value"}, "userId": {"dtype": "string", "id": null, "_type": "Value"}, "quality": {"dtype": "int32", "id": null, "_type": "Value"}, "engagement": {"dtype": "int32", "id": null, "_type": "Value"}}], "thread": [{"evaluation": {"dtype": "int32", "id": null, "_type": "Value"}, "text": {"dtype": "string", "id": null, "_type": "Value"}, "userId": {"dtype": "string", "id": null, "_type": "Value"}, "time": {"dtype": "int32", "id": null, "_type": "Value"}}]}, "post_processed": null, "supervised_keys": null, "builder_name": "conv_ai", "config_name": "conv_ai", "version": {"version_str": "1.0.0", "description": null, "major": 1, "minor": 0, "patch": 0}, "splits": {"train": {"name": "train", "num_bytes": 3924265, "num_examples": 2778, "dataset_name": "conv_ai"}}, "download_checksums": {"https://github.com/DeepPavlov/convai/raw/master/2017/data/train_full.json": {"num_bytes": 5804611, "checksum": "50159ee9766ddee68da62eca80073782fb9cab6165190702eff209bf6971fb5e"}}, "download_size": 5804611, "post_processing_size": null, "dataset_size": 3924265, "size_in_bytes": 9728876}}