{"default": {"description": "We provide a novel dataset (referred to as CaSiNo) of 1030 negotiation dialogues. Two participants take the role of campsite neighbors and negotiate for Food, Water, and Firewood packages, based on their individual preferences and requirements. This design keeps the task tractable, while still facilitating linguistically rich and personal conversations. This helps to overcome the limitations of prior negotiation datasets such as Deal or No Deal and Craigslist Bargain. Each dialogue consists of rich meta-data including participant demographics, personality, and their subjective evaluation of the negotiation in terms of satisfaction and opponent likeness.\n", "citation": "@inproceedings{chawla2021casino,\n  title={CaSiNo: A Corpus of Campsite Negotiation Dialogues for Automatic Negotiation Systems},\n  author={Chawla, Kushal and Ramirez, Jaysa and Clever, Rene and Lucas, Gale and May, Jonathan and Gratch, Jonathan},\n  booktitle={Proceedings of the 2021 Conference of the North American Chapter of the Association for Computational Linguistics: Human Language Technologies},\n  pages={3167--3185},\n  year={2021}\n}\n", "homepage": "https://github.com/kushalchawla/CaSiNo", "license": "The project is licensed under CC-BY-4.0", "features": {"chat_logs": [{"text": {"dtype": "string", "id": null, "_type": "Value"}, "task_data": {"data": {"dtype": "string", "id": null, "_type": "Value"}, "issue2youget": {"Firewood": {"dtype": "string", "id": null, "_type": "Value"}, "Water": {"dtype": "string", "id": null, "_type": "Value"}, "Food": {"dtype": "string", "id": null, "_type": "Value"}}, "issue2theyget": {"Firewood": {"dtype": "string", "id": null, "_type": "Value"}, "Water": {"dtype": "string", "id": null, "_type": "Value"}, "Food": {"dtype": "string", "id": null, "_type": "Value"}}}, "id": {"dtype": "string", "id": null, "_type": "Value"}}], "participant_info": {"mturk_agent_1": {"value2issue": {"Low": {"dtype": "string", "id": null, "_type": "Value"}, "Medium": {"dtype": "string", "id": null, "_type": "Value"}, "High": {"dtype": "string", "id": null, "_type": "Value"}}, "value2reason": {"Low": {"dtype": "string", "id": null, "_type": "Value"}, "Medium": {"dtype": "string", "id": null, "_type": "Value"}, "High": {"dtype": "string", "id": null, "_type": "Value"}}, "outcomes": {"points_scored": {"dtype": "int32", "id": null, "_type": "Value"}, "satisfaction": {"dtype": "string", "id": null, "_type": "Value"}, "opponent_likeness": {"dtype": "string", "id": null, "_type": "Value"}}, "demographics": {"age": {"dtype": "int32", "id": null, "_type": "Value"}, "gender": {"dtype": "string", "id": null, "_type": "Value"}, "ethnicity": {"dtype": "string", "id": null, "_type": "Value"}, "education": {"dtype": "string", "id": null, "_type": "Value"}}, "personality": {"svo": {"dtype": "string", "id": null, "_type": "Value"}, "big-five": {"extraversion": {"dtype": "float32", "id": null, "_type": "Value"}, "agreeableness": {"dtype": "float32", "id": null, "_type": "Value"}, "conscientiousness": {"dtype": "float32", "id": null, "_type": "Value"}, "emotional-stability": {"dtype": "float32", "id": null, "_type": "Value"}, "openness-to-experiences": {"dtype": "float32", "id": null, "_type": "Value"}}}}, "mturk_agent_2": {"value2issue": {"Low": {"dtype": "string", "id": null, "_type": "Value"}, "Medium": {"dtype": "string", "id": null, "_type": "Value"}, "High": {"dtype": "string", "id": null, "_type": "Value"}}, "value2reason": {"Low": {"dtype": "string", "id": null, "_type": "Value"}, "Medium": {"dtype": "string", "id": null, "_type": "Value"}, "High": {"dtype": "string", "id": null, "_type": "Value"}}, "outcomes": {"points_scored": {"dtype": "int32", "id": null, "_type": "Value"}, "satisfaction": {"dtype": "string", "id": null, "_type": "Value"}, "opponent_likeness": {"dtype": "string", "id": null, "_type": "Value"}}, "demographics": {"age": {"dtype": "int32", "id": null, "_type": "Value"}, "gender": {"dtype": "string", "id": null, "_type": "Value"}, "ethnicity": {"dtype": "string", "id": null, "_type": "Value"}, "education": {"dtype": "string", "id": null, "_type": "Value"}}, "personality": {"svo": {"dtype": "string", "id": null, "_type": "Value"}, "big-five": {"extraversion": {"dtype": "float32", "id": null, "_type": "Value"}, "agreeableness": {"dtype": "float32", "id": null, "_type": "Value"}, "conscientiousness": {"dtype": "float32", "id": null, "_type": "Value"}, "emotional-stability": {"dtype": "float32", "id": null, "_type": "Value"}, "openness-to-experiences": {"dtype": "float32", "id": null, "_type": "Value"}}}}}, "annotations": [[{"dtype": "string", "id": null, "_type": "Value"}]]}, "post_processed": null, "supervised_keys": null, "task_templates": null, "builder_name": "casino", "config_name": "default", "version": {"version_str": "1.1.0", "description": null, "major": 1, "minor": 1, "patch": 0}, "splits": {"train": {"name": "train", "num_bytes": 3211555, "num_examples": 1030, "dataset_name": "casino"}}, "download_checksums": {"https://raw.githubusercontent.com/kushalchawla/CaSiNo/main/data/casino.json": {"num_bytes": 4300019, "checksum": "4f2c4560a0070906ed018c3f0766e35f8f8f31b36274ebf35b608621915744ab"}}, "download_size": 4300019, "post_processing_size": null, "dataset_size": 3211555, "size_in_bytes": 7511574}}