{"default": {"description": "This is a collection of text conversations in Hinglish (code mixing between Hindi-English) and their corresponding English only versions. Can be used for Translating between the two.\n", "citation": "@inproceedings{cmu_dog_emnlp18,\n    title={A Dataset for Document Grounded Conversations},\n    author={Zhou, Kangyan and Prabhumoye, Shrimai and Black, Alan W},\n    year={2018},\n    booktitle={Proceedings of the 2018 Conference on Empirical Methods in Natural Language Processing}\n}\n\n@inproceedings{khanuja-etal-2020-gluecos,\n    title = \"{GLUEC}o{S}: An Evaluation Benchmark for Code-Switched {NLP}\",\n    author = \"Khanuja, Simran  and\n      Dandapat, Sandipan  and\n      Srinivasan, Anirudh  and\n      Sitaram, Sunayana  and\n      Choudhury, Monojit\",\n    booktitle = \"Proceedings of the 58th Annual Meeting of the Association for Computational Linguistics\",\n    month = jul,\n    year = \"2020\",\n    address = \"Online\",\n    publisher = \"Association for Computational Linguistics\",\n    url = \"https://www.aclweb.org/anthology/2020.acl-main.329\",\n    pages = \"3575--3585\"\n}\n", "homepage": "http://festvox.org/cedar/data/notyet/", "license": "", "features": {"date": {"dtype": "string", "id": null, "_type": "Value"}, "docIdx": {"dtype": "int64", "id": null, "_type": "Value"}, "translation": {"languages": ["en", "hi_en"], "id": null, "_type": "Translation"}, "uid": {"dtype": "string", "id": null, "_type": "Value"}, "utcTimestamp": {"dtype": "string", "id": null, "_type": "Value"}, "rating": {"dtype": "int64", "id": null, "_type": "Value"}, "status": {"dtype": "int64", "id": null, "_type": "Value"}, "uid1LogInTime": {"dtype": "string", "id": null, "_type": "Value"}, "uid1LogOutTime": {"dtype": "string", "id": null, "_type": "Value"}, "uid1response": {"response": {"feature": {"dtype": "int64", "id": null, "_type": "Value"}, "length": -1, "id": null, "_type": "Sequence"}, "type": {"dtype": "string", "id": null, "_type": "Value"}}, "uid2response": {"response": {"feature": {"dtype": "int64", "id": null, "_type": "Value"}, "length": -1, "id": null, "_type": "Sequence"}, "type": {"dtype": "string", "id": null, "_type": "Value"}}, "user2_id": {"dtype": "string", "id": null, "_type": "Value"}, "whoSawDoc": {"feature": {"dtype": "string", "id": null, "_type": "Value"}, "length": -1, "id": null, "_type": "Sequence"}, "wikiDocumentIdx": {"dtype": "int64", "id": null, "_type": "Value"}}, "post_processed": null, "supervised_keys": null, "task_templates": null, "builder_name": "cmu_hinglish_do_g", "config_name": "default", "version": {"version_str": "0.0.0", "description": null, "major": 0, "minor": 0, "patch": 0}, "splits": {"train": {"name": "train", "num_bytes": 3142398, "num_examples": 8060, "dataset_name": "cmu_hinglish_do_g"}, "test": {"name": "test", "num_bytes": 379521, "num_examples": 960, "dataset_name": "cmu_hinglish_do_g"}, "validation": {"name": "validation", "num_bytes": 368726, "num_examples": 942, "dataset_name": "cmu_hinglish_do_g"}}, "download_checksums": {"https://github.com/festvox/datasets-CMU_DoG/archive/master/Conversations.zip": {"num_bytes": 8162724, "checksum": "87e390c091f2114a09160aaa96ca45136d12b3ffd8ec82f1513a81251af0ac32"}, "http://festvox.org/cedar/data/notyet/CMUHinglishDoG.zip": {"num_bytes": 586961, "checksum": "2bb5cee3c7ca60e2e2ed25e2775e4025790623fe079d2e9d1831fbf6f6fc8086"}}, "download_size": 8749685, "post_processing_size": null, "dataset_size": 3890645, "size_in_bytes": 12640330}}