{"title_genre_classifiction": {"description": "This dataset contains metadata for resources belonging to the British Library\u2019s digitised printed books (18th-19th century) collection (bl.uk/collection-guides/digitised-printed-books).\nThis metadata has been extracted from British Library catalogue records.\nThe metadata held within our main catalogue is updated regularly.\nThis metadata dataset should be considered a snapshot of this metadata.\n", "citation": "@misc{british library_genre,\ntitle={ 19th Century Books - metadata with additional crowdsourced annotations},\nurl={https://doi.org/10.23636/BKHQ-0312},\nauthor={{British Library} and  Morris, Victoria and van Strien, Daniel and Tolfo, Giorgia and Afric, Lora and Robertson, Stewart and Tiney, Patricia and Dogterom, Annelies and Wollner, Ildi},\nyear={2021}}\n", "homepage": "doi.org/10.23636/BKHQ-0312", "license": "CC0 1.0 Universal Public Domain", "features": {"BL record ID": {"dtype": "string", "id": null, "_type": "Value"}, "title": {"dtype": "string", "id": null, "_type": "Value"}, "label": {"num_classes": 2, "names": ["Fiction", "Non-fiction"], "names_file": null, "id": null, "_type": "ClassLabel"}}, "post_processed": null, "supervised_keys": null, "task_templates": null, "builder_name": "bl_books_genre", "config_name": "title_genre_classifiction", "version": {"version_str": "1.1.0", "description": null, "major": 1, "minor": 1, "patch": 0}, "splits": {"train": {"name": "train", "num_bytes": 187600, "num_examples": 1736, "dataset_name": "bl_books_genre"}}, "download_checksums": {"https://bl.iro.bl.uk/downloads/36c7cd20-c8a7-4495-acbe-469b9132c6b1?locale=en": {"num_bytes": 20111420, "checksum": "79b6e09e29bb41b5a5e959134d977b3408eaee786810931d5cfc949135bfcabe"}}, "download_size": 20111420, "post_processing_size": null, "dataset_size": 187600, "size_in_bytes": 20299020}, "annotated_raw": {"description": "This dataset contains metadata for resources belonging to the British Library\u2019s digitised printed books (18th-19th century) collection (bl.uk/collection-guides/digitised-printed-books).\nThis metadata has been extracted from British Library catalogue records.\nThe metadata held within our main catalogue is updated regularly.\nThis metadata dataset should be considered a snapshot of this metadata.\n", "citation": "@misc{british library_genre,\ntitle={ 19th Century Books - metadata with additional crowdsourced annotations},\nurl={https://doi.org/10.23636/BKHQ-0312},\nauthor={{British Library} and  Morris, Victoria and van Strien, Daniel and Tolfo, Giorgia and Afric, Lora and Robertson, Stewart and Tiney, Patricia and Dogterom, Annelies and Wollner, Ildi},\nyear={2021}}\n", "homepage": "doi.org/10.23636/BKHQ-0312", "license": "CC0 1.0 Universal Public Domain", "features": {"BL record ID": {"dtype": "string", "id": null, "_type": "Value"}, "Name": {"dtype": "string", "id": null, "_type": "Value"}, "Dates associated with name": {"dtype": "string", "id": null, "_type": "Value"}, "Type of name": {"dtype": "string", "id": null, "_type": "Value"}, "Role": {"dtype": "string", "id": null, "_type": "Value"}, "All names": {"feature": {"dtype": "string", "id": null, "_type": "Value"}, "length": -1, "id": null, "_type": "Sequence"}, "Title": {"dtype": "string", "id": null, "_type": "Value"}, "Variant titles": {"dtype": "string", "id": null, "_type": "Value"}, "Series title": {"dtype": "string", "id": null, "_type": "Value"}, "Number within series": {"dtype": "string", "id": null, "_type": "Value"}, "Country of publication": {"feature": {"dtype": "string", "id": null, "_type": "Value"}, "length": -1, "id": null, "_type": "Sequence"}, "Place of publication": {"feature": {"dtype": "string", "id": null, "_type": "Value"}, "length": -1, "id": null, "_type": "Sequence"}, "Publisher": {"dtype": "string", "id": null, "_type": "Value"}, "Date of publication": {"dtype": "string", "id": null, "_type": "Value"}, "Edition": {"dtype": "string", "id": null, "_type": "Value"}, "Physical description": {"dtype": "string", "id": null, "_type": "Value"}, "Dewey classification": {"dtype": "string", "id": null, "_type": "Value"}, "BL shelfmark": {"dtype": "string", "id": null, "_type": "Value"}, "Topics": {"dtype": "string", "id": null, "_type": "Value"}, "Genre": {"dtype": "string", "id": null, "_type": "Value"}, "Languages": {"feature": {"dtype": "string", "id": null, "_type": "Value"}, "length": -1, "id": null, "_type": "Sequence"}, "Notes": {"dtype": "string", "id": null, "_type": "Value"}, "BL record ID for physical resource": {"dtype": "string", "id": null, "_type": "Value"}, "classification_id": {"dtype": "string", "id": null, "_type": "Value"}, "user_id": {"dtype": "string", "id": null, "_type": "Value"}, "subject_ids": {"dtype": "string", "id": null, "_type": "Value"}, "annotator_date_pub": {"dtype": "string", "id": null, "_type": "Value"}, "annotator_normalised_date_pub": {"dtype": "string", "id": null, "_type": "Value"}, "annotator_edition_statement": {"dtype": "string", "id": null, "_type": "Value"}, "annotator_FAST_genre_terms": {"dtype": "string", "id": null, "_type": "Value"}, "annotator_FAST_subject_terms": {"dtype": "string", "id": null, "_type": "Value"}, "annotator_comments": {"dtype": "string", "id": null, "_type": "Value"}, "annotator_main_language": {"dtype": "string", "id": null, "_type": "Value"}, "annotator_other_languages_summaries": {"dtype": "string", "id": null, "_type": "Value"}, "annotator_summaries_language": {"dtype": "string", "id": null, "_type": "Value"}, "annotator_translation": {"dtype": "string", "id": null, "_type": "Value"}, "annotator_original_language": {"dtype": "string", "id": null, "_type": "Value"}, "annotator_publisher": {"dtype": "string", "id": null, "_type": "Value"}, "annotator_place_pub": {"dtype": "string", "id": null, "_type": "Value"}, "annotator_country": {"dtype": "string", "id": null, "_type": "Value"}, "annotator_title": {"dtype": "string", "id": null, "_type": "Value"}, "Link to digitised book": {"dtype": "string", "id": null, "_type": "Value"}, "annotated": {"dtype": "bool", "id": null, "_type": "Value"}, "Type of resource": {"num_classes": 2, "names": ["Monograph", "Serial"], "names_file": null, "id": null, "_type": "ClassLabel"}, "created_at": {"dtype": "timestamp[s]", "id": null, "_type": "Value"}, "annotator_genre": {"num_classes": 4, "names": ["Fiction", "Can't tell", "Non-fiction", "The book contains both Fiction and Non-Fiction"], "names_file": null, "id": null, "_type": "ClassLabel"}}, "post_processed": null, "supervised_keys": null, "task_templates": null, "builder_name": "bl_books_genre", "config_name": "annotated_raw", "version": {"version_str": "1.1.0", "description": null, "major": 1, "minor": 1, "patch": 0}, "splits": {"train": {"name": "train", "num_bytes": 3583138, "num_examples": 4398, "dataset_name": "bl_books_genre"}}, "download_checksums": {"https://bl.iro.bl.uk/downloads/36c7cd20-c8a7-4495-acbe-469b9132c6b1?locale=en": {"num_bytes": 20111420, "checksum": "79b6e09e29bb41b5a5e959134d977b3408eaee786810931d5cfc949135bfcabe"}}, "download_size": 20111420, "post_processing_size": null, "dataset_size": 3583138, "size_in_bytes": 23694558}, "raw": {"description": "This dataset contains metadata for resources belonging to the British Library\u2019s digitised printed books (18th-19th century) collection (bl.uk/collection-guides/digitised-printed-books).\nThis metadata has been extracted from British Library catalogue records.\nThe metadata held within our main catalogue is updated regularly.\nThis metadata dataset should be considered a snapshot of this metadata.\n", "citation": "@misc{british library_genre,\ntitle={ 19th Century Books - metadata with additional crowdsourced annotations},\nurl={https://doi.org/10.23636/BKHQ-0312},\nauthor={{British Library} and  Morris, Victoria and van Strien, Daniel and Tolfo, Giorgia and Afric, Lora and Robertson, Stewart and Tiney, Patricia and Dogterom, Annelies and Wollner, Ildi},\nyear={2021}}\n", "homepage": "doi.org/10.23636/BKHQ-0312", "license": "CC0 1.0 Universal Public Domain", "features": {"BL record ID": {"dtype": "string", "id": null, "_type": "Value"}, "Name": {"dtype": "string", "id": null, "_type": "Value"}, "Dates associated with name": {"dtype": "string", "id": null, "_type": "Value"}, "Type of name": {"dtype": "string", "id": null, "_type": "Value"}, "Role": {"dtype": "string", "id": null, "_type": "Value"}, "All names": {"feature": {"dtype": "string", "id": null, "_type": "Value"}, "length": -1, "id": null, "_type": "Sequence"}, "Title": {"dtype": "string", "id": null, "_type": "Value"}, "Variant titles": {"dtype": "string", "id": null, "_type": "Value"}, "Series title": {"dtype": "string", "id": null, "_type": "Value"}, "Number within series": {"dtype": "string", "id": null, "_type": "Value"}, "Country of publication": {"feature": {"dtype": "string", "id": null, "_type": "Value"}, "length": -1, "id": null, "_type": "Sequence"}, "Place of publication": {"feature": {"dtype": "string", "id": null, "_type": "Value"}, "length": -1, "id": null, "_type": "Sequence"}, "Publisher": {"dtype": "string", "id": null, "_type": "Value"}, "Date of publication": {"dtype": "string", "id": null, "_type": "Value"}, "Edition": {"dtype": "string", "id": null, "_type": "Value"}, "Physical description": {"dtype": "string", "id": null, "_type": "Value"}, "Dewey classification": {"dtype": "string", "id": null, "_type": "Value"}, "BL shelfmark": {"dtype": "string", "id": null, "_type": "Value"}, "Topics": {"dtype": "string", "id": null, "_type": "Value"}, "Genre": {"dtype": "string", "id": null, "_type": "Value"}, "Languages": {"feature": {"dtype": "string", "id": null, "_type": "Value"}, "length": -1, "id": null, "_type": "Sequence"}, "Notes": {"dtype": "string", "id": null, "_type": "Value"}, "BL record ID for physical resource": {"dtype": "string", "id": null, "_type": "Value"}, "classification_id": {"dtype": "string", "id": null, "_type": "Value"}, "user_id": {"dtype": "string", "id": null, "_type": "Value"}, "subject_ids": {"dtype": "string", "id": null, "_type": "Value"}, "annotator_date_pub": {"dtype": "string", "id": null, "_type": "Value"}, "annotator_normalised_date_pub": {"dtype": "string", "id": null, "_type": "Value"}, "annotator_edition_statement": {"dtype": "string", "id": null, "_type": "Value"}, "annotator_FAST_genre_terms": {"dtype": "string", "id": null, "_type": "Value"}, "annotator_FAST_subject_terms": {"dtype": "string", "id": null, "_type": "Value"}, "annotator_comments": {"dtype": "string", "id": null, "_type": "Value"}, "annotator_main_language": {"dtype": "string", "id": null, "_type": "Value"}, "annotator_other_languages_summaries": {"dtype": "string", "id": null, "_type": "Value"}, "annotator_summaries_language": {"dtype": "string", "id": null, "_type": "Value"}, "annotator_translation": {"dtype": "string", "id": null, "_type": "Value"}, "annotator_original_language": {"dtype": "string", "id": null, "_type": "Value"}, "annotator_publisher": {"dtype": "string", "id": null, "_type": "Value"}, "annotator_place_pub": {"dtype": "string", "id": null, "_type": "Value"}, "annotator_country": {"dtype": "string", "id": null, "_type": "Value"}, "annotator_title": {"dtype": "string", "id": null, "_type": "Value"}, "Link to digitised book": {"dtype": "string", "id": null, "_type": "Value"}, "annotated": {"dtype": "bool", "id": null, "_type": "Value"}, "Type of resource": {"num_classes": 3, "names": ["Monograph", "Serial", "Monographic component part"], "names_file": null, "id": null, "_type": "ClassLabel"}, "created_at": {"dtype": "string", "id": null, "_type": "Value"}, "annotator_genre": {"dtype": "string", "id": null, "_type": "Value"}}, "post_processed": null, "supervised_keys": null, "task_templates": null, "builder_name": "bl_books_genre", "config_name": "raw", "version": {"version_str": "1.1.0", "description": null, "major": 1, "minor": 1, "patch": 0}, "splits": {"train": {"name": "train", "num_bytes": 27518816, "num_examples": 55343, "dataset_name": "bl_books_genre"}}, "download_checksums": {"https://bl.iro.bl.uk/downloads/36c7cd20-c8a7-4495-acbe-469b9132c6b1?locale=en": {"num_bytes": 20111420, "checksum": "79b6e09e29bb41b5a5e959134d977b3408eaee786810931d5cfc949135bfcabe"}}, "download_size": 20111420, "post_processing_size": null, "dataset_size": 27518816, "size_in_bytes": 47630236}}