{"default": {"description": "Acronym identification training and development sets for the acronym identification task at SDU@AAAI-21.\n", "citation": "@inproceedings{veyseh-et-al-2020-what,\n   title={{What Does This Acronym Mean? Introducing a New Dataset for Acronym Identification and Disambiguation}},\n   author={Amir Pouran Ben Veyseh and Franck Dernoncourt and Quan Hung Tran and Thien Huu Nguyen},\n   year={2020},\n   booktitle={Proceedings of COLING},\n   link={https://arxiv.org/pdf/2010.14678v1.pdf}\n}\n", "homepage": "https://github.com/amirveyseh/AAAI-21-SDU-shared-task-1-AI", "license": "", "features": {"id": {"dtype": "string", "id": null, "_type": "Value"}, "tokens": {"feature": {"dtype": "string", "id": null, "_type": "Value"}, "length": -1, "id": null, "_type": "Sequence"}, "labels": {"feature": {"num_classes": 5, "names": ["B-long", "B-short", "I-long", "I-short", "O"], "names_file": null, "id": null, "_type": "ClassLabel"}, "length": -1, "id": null, "_type": "Sequence"}}, "post_processed": null, "supervised_keys": null, "builder_name": "acronym_identification", "config_name": "default", "version": {"version_str": "1.0.0", "description": null, "major": 1, "minor": 0, "patch": 0}, "splits": {"train": {"name": "train", "num_bytes": 7792803, "num_examples": 14006, "dataset_name": "acronym_identification"}, "validation": {"name": "validation", "num_bytes": 952705, "num_examples": 1717, "dataset_name": "acronym_identification"}, "test": {"name": "test", "num_bytes": 987728, "num_examples": 1750, "dataset_name": "acronym_identification"}}, "download_checksums": {"https://raw.githubusercontent.com/amirveyseh/AAAI-21-SDU-shared-task-1-AI/master/dataset/train.json": {"num_bytes": 7134043, "checksum": "2a48182187235167e8cbfa71e13c5c9882c4cabdefd2148edace2a50ccd8bbcd"}, "https://raw.githubusercontent.com/amirveyseh/AAAI-21-SDU-shared-task-1-AI/master/dataset/dev.json": {"num_bytes": 873517, "checksum": "950000511ddab850170c85ae99c7ceb775e8bed6846482e06e47a8f99b16f8c2"}, "https://raw.githubusercontent.com/amirveyseh/AAAI-21-SDU-shared-task-1-AI/master/dataset/test.json": {"num_bytes": 548904, "checksum": "5a37584eaa56ac23ffef23de7109d07bac6a19928eda96184348d89a01c82671"}}, "download_size": 8556464, "post_processing_size": null, "dataset_size": 9733236, "size_in_bytes": 18289700}}