{"processed": {"description": "Digitised historic newspapers from the Biblioth\u00e8que nationale (BnL) - the National Library of Luxembourg.\n", "citation": "@misc{bnl_newspapers,\ntitle={Historical Newspapers},\nurl={https://data.bnl.lu/data/historical-newspapers/},\nauthor={ Biblioth\u00e8que nationale du Luxembourg},\n", "homepage": "https://data.bnl.lu/data/historical-newspapers/", "license": "CC0", "features": {"id": {"dtype": "string", "id": null, "_type": "Value"}, "source": {"dtype": "string", "id": null, "_type": "Value"}, "url": {"dtype": "string", "id": null, "_type": "Value"}, "title": {"dtype": "string", "id": null, "_type": "Value"}, "ispartof": {"dtype": "string", "id": null, "_type": "Value"}, "text": {"dtype": "string", "id": null, "_type": "Value"}, "pub_date": {"dtype": "timestamp[s]", "id": null, "_type": "Value"}, "publisher": {"dtype": "string", "id": null, "_type": "Value"}, "language": {"dtype": "string", "id": null, "_type": "Value"}, "article_type": {"num_classes": 18, "names": ["ADVERTISEMENT_SECTION", "BIBLIOGRAPHY", "CHAPTER", "INDEX", "CONTRIBUTION", "TABLE_OF_CONTENTS", "WEATHER", "SHIPPING", "SECTION", "ARTICLE", "TITLE_SECTION", "DEATH_NOTICE", "SUPPLEMENT", "TABLE", "ADVERTISEMENT", "CHART_DIAGRAM", "ILLUSTRATION", "ISSUE"], "names_file": null, "id": null, "_type": "ClassLabel"}, "extent": {"dtype": "int32", "id": null, "_type": "Value"}}, "post_processed": null, "supervised_keys": null, "task_templates": [{"task": "language-modeling", "text_column": "text"}], "builder_name": "bnl_newspapers", "config_name": "processed", "version": {"version_str": "1.17.0", "description": null, "major": 1, "minor": 17, "patch": 0}, "splits": {"train": {"name": "train", "num_bytes": 1611620156, "num_examples": 537558, "dataset_name": "bnl_newspapers"}}, "download_checksums": {"https://data.bnl.lu/open-data/digitization/newspapers/export01-newspapers1841-1878.zip": {"num_bytes": 1224029060, "checksum": "72032d30d93eb367c567651db970bdb6f645fa6377b2d6a2453d30cf870df946"}}, "download_size": 1224029060, "post_processing_size": null, "dataset_size": 1611620156, "size_in_bytes": 2835649216}}