{"ar_cov19": {"description": "ArCOV-19 is an Arabic COVID-19 Twitter dataset that covers the period from 27th of January till 30th of April 2020. ArCOV-19 is designed to enable research under several domains including natural language processing, information retrieval, and social computing, among others\n", "citation": "@article{haouari2020arcov19,\n  title={ArCOV-19: The First Arabic COVID-19 Twitter Dataset with Propagation Networks},\n  author={Fatima Haouari and Maram Hasanain and Reem Suwaileh and Tamer Elsayed},\n  journal={arXiv preprint arXiv:2004.05861},\n  year={2020}\n", "homepage": "https://gitlab.com/bigirqu/ArCOV-19", "license": "", "features": {"tweetID": {"dtype": "int64", "id": null, "_type": "Value"}}, "post_processed": null, "supervised_keys": null, "builder_name": "ar_cov19", "config_name": "ar_cov19", "version": {"version_str": "1.0.0", "description": "", "major": 1, "minor": 0, "patch": 0}, "splits": {"train": {"name": "train", "num_bytes": 8724728, "num_examples": 1090591, "dataset_name": "ar_cov19"}}, "download_checksums": {"https://gitlab.com/bigirqu/ArCOV-19/-/archive/master/ArCOV-19-master.zip": {"num_bytes": 54902390, "checksum": "96211408035f8082c072a5eb4fbccf28ef4de00379abfc9523c552ab84646579"}}, "download_size": 54902390, "post_processing_size": null, "dataset_size": 8724728, "size_in_bytes": 63627118}}