{"plain_text": {"description": "CC-News containing news articles from news sites all over the world The data is available on AWS S3 in the Common Crawl bucket at /crawl-data/CC-NEWS/. This version of the dataset has 708241 articles. It represents a small portion of English  language subset of the CC-News dataset created using news-please(Hamborg et al.,2017) to collect and extract English language portion of CC-News.\n", "citation": "@InProceedings{Hamborg2017,\n  author     = {Hamborg, Felix and Meuschke, Norman and Breitinger, Corinna and Gipp, Bela},\n  title      = {news-please: A Generic News Crawler and Extractor},\n  year       = {2017},\n  booktitle  = {Proceedings of the 15th International Symposium of Information Science},\n  location   = {Berlin},\n  doi        = {10.5281/zenodo.4120316},\n  pages      = {218--223},\n  month      = {March}\n}\n", "homepage": "https://commoncrawl.org/2016/10/news-dataset-available/", "license": "", "features": {"title": {"dtype": "string", "id": null, "_type": "Value"}, "text": {"dtype": "string", "id": null, "_type": "Value"}, "domain": {"dtype": "string", "id": null, "_type": "Value"}, "date": {"dtype": "string", "id": null, "_type": "Value"}, "description": {"dtype": "string", "id": null, "_type": "Value"}, "url": {"dtype": "string", "id": null, "_type": "Value"}, "image_url": {"dtype": "string", "id": null, "_type": "Value"}}, "post_processed": null, "supervised_keys": null, "builder_name": "cc_news", "config_name": "plain_text", "version": {"version_str": "1.0.0", "description": "", "major": 1, "minor": 0, "patch": 0}, "splits": {"train": {"name": "train", "num_bytes": 2016418133, "num_examples": 708241, "dataset_name": "cc_news"}}, "download_checksums": {"https://storage.googleapis.com/huggingface-nlp/datasets/cc_news/cc_news.tar.gz": {"num_bytes": 845131146, "checksum": "1aaf8e5af33e3a73472b58afba48c6a839ebc2dd190c4e0754fc00f8899a9cec"}}, "download_size": 845131146, "post_processing_size": null, "dataset_size": 2016418133, "size_in_bytes": 2861549279}}