{"abstractive": {"description": "AQuaMuSe is a novel scalable approach to automatically mine dual query based multi-document summarization datasets for extractive and abstractive summaries using question answering dataset (Google Natural Questions) and large document corpora (Common Crawl)", "citation": "@misc{kulkarni2020aquamuse,title={AQuaMuSe: Automatically Generating Datasets for Query-Based Multi-Document Summarization}, author={Sayali Kulkarni and Sheide Chammas and Wan Zhu and Fei Sha and Eugene Ie}, year={2020}, eprint={2010.12694}, archivePrefix={arXiv}, primaryClass={cs.CL}}", "homepage": "https://github.com/google-research-datasets/aquamuse", "license": "", "features": {"query": {"dtype": "string", "id": null, "_type": "Value"}, "input_urls": {"feature": {"dtype": "string", "id": null, "_type": "Value"}, "length": -1, "id": null, "_type": "Sequence"}, "target": {"dtype": "string", "id": null, "_type": "Value"}}, "post_processed": null, "supervised_keys": null, "builder_name": "aquamuse", "config_name": "abstractive", "version": {"version_str": "2.3.0", "description": null, "major": 2, "minor": 3, "patch": 0}, "splits": {"train": {"name": "train", "num_bytes": 6434909, "num_examples": 6253, "dataset_name": "aquamuse"}, "test": {"name": "test", "num_bytes": 843181, "num_examples": 811, "dataset_name": "aquamuse"}, "validation": {"name": "validation", "num_bytes": 689109, "num_examples": 661, "dataset_name": "aquamuse"}}, "download_checksums": {"https://github.com/google-research-datasets/aquamuse/raw/main/v2/aquamuse_v2.zip": {"num_bytes": 7755161, "checksum": "f2b4d9523031a986e545a7c0fdc8180670519696340d09179a39514fc76466d0"}}, "download_size": 7755161, "post_processing_size": null, "dataset_size": 7967199, "size_in_bytes": 15722360}, "extractive": {"description": "AQuaMuSe is a novel scalable approach to automatically mine dual query based multi-document summarization datasets for extractive and abstractive summaries using question answering dataset (Google Natural Questions) and large document corpora (Common Crawl)", "citation": "@misc{kulkarni2020aquamuse,title={AQuaMuSe: Automatically Generating Datasets for Query-Based Multi-Document Summarization}, author={Sayali Kulkarni and Sheide Chammas and Wan Zhu and Fei Sha and Eugene Ie}, year={2020}, eprint={2010.12694}, archivePrefix={arXiv}, primaryClass={cs.CL}}", "homepage": "https://github.com/google-research-datasets/aquamuse", "license": "", "features": {"query": {"dtype": "string", "id": null, "_type": "Value"}, "input_urls": {"feature": {"dtype": "string", "id": null, "_type": "Value"}, "length": -1, "id": null, "_type": "Sequence"}, "target": {"dtype": "string", "id": null, "_type": "Value"}}, "post_processed": null, "supervised_keys": null, "builder_name": "aquamuse", "config_name": "extractive", "version": {"version_str": "2.3.0", "description": null, "major": 2, "minor": 3, "patch": 0}, "splits": {"train": {"name": "train", "num_bytes": 6434909, "num_examples": 6253, "dataset_name": "aquamuse"}, "test": {"name": "test", "num_bytes": 843181, "num_examples": 811, "dataset_name": "aquamuse"}, "validation": {"name": "validation", "num_bytes": 689109, "num_examples": 661, "dataset_name": "aquamuse"}}, "download_checksums": {"https://github.com/google-research-datasets/aquamuse/raw/main/v2/aquamuse_v2.zip": {"num_bytes": 7755161, "checksum": "f2b4d9523031a986e545a7c0fdc8180670519696340d09179a39514fc76466d0"}}, "download_size": 7755161, "post_processing_size": null, "dataset_size": 7967199, "size_in_bytes": 15722360}}