{"allocine": {"description": " Allocine Dataset: A Large-Scale French Movie Reviews Dataset.\n This is a dataset for binary sentiment classification, made of user reviews scraped from Allocine.fr.\n It contains 100k positive and 100k negative reviews divided into 3 balanced splits: train (160k reviews), val (20k) and test (20k).\n", "citation": "@misc{blard2019allocine,\n  author = {Blard, Theophile},\n  title = {french-sentiment-analysis-with-bert},\n  year = {2020},\n  publisher = {GitHub},\n  journal = {GitHub repository},\n  howpublished={\\url{https://github.com/TheophileBlard/french-sentiment-analysis-with-bert}},\n}\n", "homepage": "https://github.com/TheophileBlard/french-sentiment-analysis-with-bert", "license": "", "features": {"review": {"dtype": "string", "id": null, "_type": "Value"}, "label": {"num_classes": 2, "names": ["neg", "pos"], "names_file": null, "id": null, "_type": "ClassLabel"}}, "post_processed": null, "supervised_keys": null, "task_templates": [{"task": "text-classification", "text_column": "review", "label_column": "label", "labels": ["neg", "pos"]}], "builder_name": "allocine_dataset", "config_name": "allocine", "version": {"version_str": "1.0.0", "description": null, "major": 1, "minor": 0, "patch": 0}, "splits": {"train": {"name": "train", "num_bytes": 91330696, "num_examples": 160000, "dataset_name": "allocine_dataset"}, "validation": {"name": "validation", "num_bytes": 11546250, "num_examples": 20000, "dataset_name": "allocine_dataset"}, "test": {"name": "test", "num_bytes": 11547697, "num_examples": 20000, "dataset_name": "allocine_dataset"}}, "download_checksums": {"https://github.com/TheophileBlard/french-sentiment-analysis-with-bert/raw/master/allocine_dataset/data.tar.bz2": {"num_bytes": 66625305, "checksum": "8c49a8cac783da201697ed1a91b36d2f6618222b3b7ea1c2996f2a3fbc37dfb4"}}, "download_size": 66625305, "post_processing_size": null, "dataset_size": 114424643, "size_in_bytes": 181049948}}