{"default": {"description": "\nBillSum, summarization of US Congressional and California state bills.\n\nThere are several features:\n  - text: bill text.\n  - summary: summary of the bills.\n  - title: title of the bills.\nfeatures for us bills. ca bills does not have.\n  - text_len: number of chars in text.\n  - sum_len: number of chars in summary.\n", "citation": "\n@misc{kornilova2019billsum,\n    title={BillSum: A Corpus for Automatic Summarization of US Legislation},\n    author={Anastassia Kornilova and Vlad Eidelman},\n    year={2019},\n    eprint={1910.00523},\n    archivePrefix={arXiv},\n    primaryClass={cs.CL}\n}\n", "homepage": "https://github.com/FiscalNote/BillSum", "license": "", "features": {"text": {"dtype": "string", "id": null, "_type": "Value"}, "summary": {"dtype": "string", "id": null, "_type": "Value"}, "title": {"dtype": "string", "id": null, "_type": "Value"}}, "supervised_keys": {"input": "text", "output": "summary"}, "builder_name": "billsum", "config_name": "default", "version": {"version_str": "3.0.0", "description": null, "datasets_version_to_prepare": null, "major": 3, "minor": 0, "patch": 0}, "splits": {"ca_test": {"name": "ca_test", "num_bytes": 14945923, "num_examples": 1237, "dataset_name": "billsum"}, "test": {"name": "test", "num_bytes": 37867905, "num_examples": 3269, "dataset_name": "billsum"}, "train": {"name": "train", "num_bytes": 219605578, "num_examples": 18949, "dataset_name": "billsum"}}, "download_checksums": {"https://drive.google.com/uc?export=download&id=1g89WgFHMRbr4QrvA0ngh26PY081Nv3lx": {"num_bytes": 67260676, "checksum": "5a55dfb231618d63b25cec4773280a2986d38f53d6d4d39b8256b278edf1110c"}}, "download_size": 67260676, "dataset_size": 272419406, "size_in_bytes": 339680082}}
