{"egy": {"description": "The Dialectal Arabic Datasets contain four dialects of Arabic, Etyptian (EGY), Levantine (LEV), Gulf (GLF), and Maghrebi (MGR). Each dataset consists of a set of 350 manually segmented and POS tagged tweets.\n", "citation": "\n@InProceedings{DARWISH18.562,  author = {Kareem Darwish ,Hamdy Mubarak ,Ahmed Abdelali ,Mohamed Eldesouki ,Younes Samih ,Randah Alharbi ,Mohammed Attia ,Walid Magdy and Laura Kallmeyer},\ntitle = {Multi-Dialect Arabic POS Tagging: A CRF Approach},\nbooktitle = {Proceedings of the Eleventh International Conference on Language Resources and Evaluation (LREC 2018)},\nyear = {2018},\nmonth = {may},\ndate = {7-12},\nlocation = {Miyazaki, Japan},\neditor = {Nicoletta Calzolari (Conference chair) and Khalid Choukri and Christopher Cieri and Thierry Declerck and Sara Goggi and Koiti Hasida and Hitoshi Isahara and Bente Maegaard and Joseph Mariani and H\u00e9l\u00e8ne Mazo and Asuncion Moreno and Jan Odijk and Stelios Piperidis and Takenobu Tokunaga},\npublisher = {European Language Resources Association (ELRA)},\naddress = {Paris, France},\nisbn = {979-10-95546-00-9},\nlanguage = {english}\n}\n", "homepage": "https://alt.qcri.org/resources/da_resources/", "license": "", "features": {"fold": {"dtype": "int32", "id": null, "_type": "Value"}, "subfold": {"dtype": "string", "id": null, "_type": "Value"}, "words": {"feature": {"dtype": "string", "id": null, "_type": "Value"}, "length": -1, "id": null, "_type": "Sequence"}, "segments": {"feature": {"dtype": "string", "id": null, "_type": "Value"}, "length": -1, "id": null, "_type": "Sequence"}, "pos_tags": {"feature": {"dtype": "string", "id": null, "_type": "Value"}, "length": -1, "id": null, "_type": "Sequence"}}, "post_processed": null, "supervised_keys": null, "builder_name": "arabic_pos_dialect", "config_name": "egy", "version": {"version_str": "0.0.0", "description": null, "major": 0, "minor": 0, "patch": 0}, "splits": {"train": {"name": "train", "num_bytes": 269657, "num_examples": 350, "dataset_name": "arabic_pos_dialect"}}, "download_checksums": {"https://github.com/qcri/dialectal_arabic_resources/raw/master/seg_plus_pos_egy.txt": {"num_bytes": 290070, "checksum": "13977060df1266eb5084c724b0109ec946a12304d24bf18810bc2e662146dfd5"}, "https://github.com/qcri/dialectal_arabic_resources/raw/master/seg_plus_pos_lev.txt": {"num_bytes": 265356, "checksum": "dd6741ab80a605b290dd0c82c7b20670b4ecc8ae982d9762660266c7fd4c0036"}, "https://github.com/qcri/dialectal_arabic_resources/raw/master/seg_plus_pos_glf.txt": {"num_bytes": 241428, "checksum": "a719b071806ae9398182817aef87abd240393fbc2f98b24361a94f219c3daa31"}, "https://github.com/qcri/dialectal_arabic_resources/raw/master/seg_plus_pos_mgr.txt": {"num_bytes": 246801, "checksum": "86ca158dc5981a84d25078a2063e8e081ecca7d5437f49b63b4ebd531042476a"}}, "download_size": 1043655, "post_processing_size": null, "dataset_size": 269657, "size_in_bytes": 1313312}, "lev": {"description": "The Dialectal Arabic Datasets contain four dialects of Arabic, Etyptian (EGY), Levantine (LEV), Gulf (GLF), and Maghrebi (MGR). Each dataset consists of a set of 350 manually segmented and POS tagged tweets.\n", "citation": "\n@InProceedings{DARWISH18.562,  author = {Kareem Darwish ,Hamdy Mubarak ,Ahmed Abdelali ,Mohamed Eldesouki ,Younes Samih ,Randah Alharbi ,Mohammed Attia ,Walid Magdy and Laura Kallmeyer},\ntitle = {Multi-Dialect Arabic POS Tagging: A CRF Approach},\nbooktitle = {Proceedings of the Eleventh International Conference on Language Resources and Evaluation (LREC 2018)},\nyear = {2018},\nmonth = {may},\ndate = {7-12},\nlocation = {Miyazaki, Japan},\neditor = {Nicoletta Calzolari (Conference chair) and Khalid Choukri and Christopher Cieri and Thierry Declerck and Sara Goggi and Koiti Hasida and Hitoshi Isahara and Bente Maegaard and Joseph Mariani and H\u00e9l\u00e8ne Mazo and Asuncion Moreno and Jan Odijk and Stelios Piperidis and Takenobu Tokunaga},\npublisher = {European Language Resources Association (ELRA)},\naddress = {Paris, France},\nisbn = {979-10-95546-00-9},\nlanguage = {english}\n}\n", "homepage": "https://alt.qcri.org/resources/da_resources/", "license": "", "features": {"fold": {"dtype": "int32", "id": null, "_type": "Value"}, "subfold": {"dtype": "string", "id": null, "_type": "Value"}, "words": {"feature": {"dtype": "string", "id": null, "_type": "Value"}, "length": -1, "id": null, "_type": "Sequence"}, "segments": {"feature": {"dtype": "string", "id": null, "_type": "Value"}, "length": -1, "id": null, "_type": "Sequence"}, "pos_tags": {"feature": {"dtype": "string", "id": null, "_type": "Value"}, "length": -1, "id": null, "_type": "Sequence"}}, "post_processed": null, "supervised_keys": null, "builder_name": "arabic_pos_dialect", "config_name": "lev", "version": {"version_str": "0.0.0", "description": null, "major": 0, "minor": 0, "patch": 0}, "splits": {"train": {"name": "train", "num_bytes": 263130, "num_examples": 350, "dataset_name": "arabic_pos_dialect"}}, "download_checksums": {"https://github.com/qcri/dialectal_arabic_resources/raw/master/seg_plus_pos_egy.txt": {"num_bytes": 290070, "checksum": "13977060df1266eb5084c724b0109ec946a12304d24bf18810bc2e662146dfd5"}, "https://github.com/qcri/dialectal_arabic_resources/raw/master/seg_plus_pos_lev.txt": {"num_bytes": 265356, "checksum": "dd6741ab80a605b290dd0c82c7b20670b4ecc8ae982d9762660266c7fd4c0036"}, "https://github.com/qcri/dialectal_arabic_resources/raw/master/seg_plus_pos_glf.txt": {"num_bytes": 241428, "checksum": "a719b071806ae9398182817aef87abd240393fbc2f98b24361a94f219c3daa31"}, "https://github.com/qcri/dialectal_arabic_resources/raw/master/seg_plus_pos_mgr.txt": {"num_bytes": 246801, "checksum": "86ca158dc5981a84d25078a2063e8e081ecca7d5437f49b63b4ebd531042476a"}}, "download_size": 1043655, "post_processing_size": null, "dataset_size": 263130, "size_in_bytes": 1306785}, "glf": {"description": "The Dialectal Arabic Datasets contain four dialects of Arabic, Etyptian (EGY), Levantine (LEV), Gulf (GLF), and Maghrebi (MGR). Each dataset consists of a set of 350 manually segmented and POS tagged tweets.\n", "citation": "\n@InProceedings{DARWISH18.562,  author = {Kareem Darwish ,Hamdy Mubarak ,Ahmed Abdelali ,Mohamed Eldesouki ,Younes Samih ,Randah Alharbi ,Mohammed Attia ,Walid Magdy and Laura Kallmeyer},\ntitle = {Multi-Dialect Arabic POS Tagging: A CRF Approach},\nbooktitle = {Proceedings of the Eleventh International Conference on Language Resources and Evaluation (LREC 2018)},\nyear = {2018},\nmonth = {may},\ndate = {7-12},\nlocation = {Miyazaki, Japan},\neditor = {Nicoletta Calzolari (Conference chair) and Khalid Choukri and Christopher Cieri and Thierry Declerck and Sara Goggi and Koiti Hasida and Hitoshi Isahara and Bente Maegaard and Joseph Mariani and H\u00e9l\u00e8ne Mazo and Asuncion Moreno and Jan Odijk and Stelios Piperidis and Takenobu Tokunaga},\npublisher = {European Language Resources Association (ELRA)},\naddress = {Paris, France},\nisbn = {979-10-95546-00-9},\nlanguage = {english}\n}\n", "homepage": "https://alt.qcri.org/resources/da_resources/", "license": "", "features": {"fold": {"dtype": "int32", "id": null, "_type": "Value"}, "subfold": {"dtype": "string", "id": null, "_type": "Value"}, "words": {"feature": {"dtype": "string", "id": null, "_type": "Value"}, "length": -1, "id": null, "_type": "Sequence"}, "segments": {"feature": {"dtype": "string", "id": null, "_type": "Value"}, "length": -1, "id": null, "_type": "Sequence"}, "pos_tags": {"feature": {"dtype": "string", "id": null, "_type": "Value"}, "length": -1, "id": null, "_type": "Sequence"}}, "post_processed": null, "supervised_keys": null, "builder_name": "arabic_pos_dialect", "config_name": "glf", "version": {"version_str": "0.0.0", "description": null, "major": 0, "minor": 0, "patch": 0}, "splits": {"train": {"name": "train", "num_bytes": 239911, "num_examples": 350, "dataset_name": "arabic_pos_dialect"}}, "download_checksums": {"https://github.com/qcri/dialectal_arabic_resources/raw/master/seg_plus_pos_egy.txt": {"num_bytes": 290070, "checksum": "13977060df1266eb5084c724b0109ec946a12304d24bf18810bc2e662146dfd5"}, "https://github.com/qcri/dialectal_arabic_resources/raw/master/seg_plus_pos_lev.txt": {"num_bytes": 265356, "checksum": "dd6741ab80a605b290dd0c82c7b20670b4ecc8ae982d9762660266c7fd4c0036"}, "https://github.com/qcri/dialectal_arabic_resources/raw/master/seg_plus_pos_glf.txt": {"num_bytes": 241428, "checksum": "a719b071806ae9398182817aef87abd240393fbc2f98b24361a94f219c3daa31"}, "https://github.com/qcri/dialectal_arabic_resources/raw/master/seg_plus_pos_mgr.txt": {"num_bytes": 246801, "checksum": "86ca158dc5981a84d25078a2063e8e081ecca7d5437f49b63b4ebd531042476a"}}, "download_size": 1043655, "post_processing_size": null, "dataset_size": 239911, "size_in_bytes": 1283566}, "mgr": {"description": "The Dialectal Arabic Datasets contain four dialects of Arabic, Etyptian (EGY), Levantine (LEV), Gulf (GLF), and Maghrebi (MGR). Each dataset consists of a set of 350 manually segmented and POS tagged tweets.\n", "citation": "\n@InProceedings{DARWISH18.562,  author = {Kareem Darwish ,Hamdy Mubarak ,Ahmed Abdelali ,Mohamed Eldesouki ,Younes Samih ,Randah Alharbi ,Mohammed Attia ,Walid Magdy and Laura Kallmeyer},\ntitle = {Multi-Dialect Arabic POS Tagging: A CRF Approach},\nbooktitle = {Proceedings of the Eleventh International Conference on Language Resources and Evaluation (LREC 2018)},\nyear = {2018},\nmonth = {may},\ndate = {7-12},\nlocation = {Miyazaki, Japan},\neditor = {Nicoletta Calzolari (Conference chair) and Khalid Choukri and Christopher Cieri and Thierry Declerck and Sara Goggi and Koiti Hasida and Hitoshi Isahara and Bente Maegaard and Joseph Mariani and H\u00e9l\u00e8ne Mazo and Asuncion Moreno and Jan Odijk and Stelios Piperidis and Takenobu Tokunaga},\npublisher = {European Language Resources Association (ELRA)},\naddress = {Paris, France},\nisbn = {979-10-95546-00-9},\nlanguage = {english}\n}\n", "homepage": "https://alt.qcri.org/resources/da_resources/", "license": "", "features": {"fold": {"dtype": "int32", "id": null, "_type": "Value"}, "subfold": {"dtype": "string", "id": null, "_type": "Value"}, "words": {"feature": {"dtype": "string", "id": null, "_type": "Value"}, "length": -1, "id": null, "_type": "Sequence"}, "segments": {"feature": {"dtype": "string", "id": null, "_type": "Value"}, "length": -1, "id": null, "_type": "Sequence"}, "pos_tags": {"feature": {"dtype": "string", "id": null, "_type": "Value"}, "length": -1, "id": null, "_type": "Sequence"}}, "post_processed": null, "supervised_keys": null, "builder_name": "arabic_pos_dialect", "config_name": "mgr", "version": {"version_str": "0.0.0", "description": null, "major": 0, "minor": 0, "patch": 0}, "splits": {"train": {"name": "train", "num_bytes": 245745, "num_examples": 350, "dataset_name": "arabic_pos_dialect"}}, "download_checksums": {"https://github.com/qcri/dialectal_arabic_resources/raw/master/seg_plus_pos_egy.txt": {"num_bytes": 290070, "checksum": "13977060df1266eb5084c724b0109ec946a12304d24bf18810bc2e662146dfd5"}, "https://github.com/qcri/dialectal_arabic_resources/raw/master/seg_plus_pos_lev.txt": {"num_bytes": 265356, "checksum": "dd6741ab80a605b290dd0c82c7b20670b4ecc8ae982d9762660266c7fd4c0036"}, "https://github.com/qcri/dialectal_arabic_resources/raw/master/seg_plus_pos_glf.txt": {"num_bytes": 241428, "checksum": "a719b071806ae9398182817aef87abd240393fbc2f98b24361a94f219c3daa31"}, "https://github.com/qcri/dialectal_arabic_resources/raw/master/seg_plus_pos_mgr.txt": {"num_bytes": 246801, "checksum": "86ca158dc5981a84d25078a2063e8e081ecca7d5437f49b63b4ebd531042476a"}}, "download_size": 1043655, "post_processing_size": null, "dataset_size": 245745, "size_in_bytes": 1289400}}