{"default": {"description": "A dataset adopting the FEVER methodology that consists of 1,535 real-world claims regarding climate-change collected on the internet. Each claim is accompanied by five manually annotated evidence sentences retrieved from the English Wikipedia that support, refute or do not give enough information to validate the claim totalling in 7,675 claim-evidence pairs. The dataset features challenging claims that relate multiple facets and disputed cases of claims where both supporting and refuting evidence are present.\n", "citation": "@misc{diggelmann2020climatefever,\n      title={CLIMATE-FEVER: A Dataset for Verification of Real-World Climate Claims},\n      author={Thomas Diggelmann and Jordan Boyd-Graber and Jannis Bulian and Massimiliano Ciaramita and Markus Leippold},\n      year={2020},\n      eprint={2012.00614},\n      archivePrefix={arXiv},\n      primaryClass={cs.CL}\n}\n", "homepage": "http://climatefever.ai", "license": "", "features": {"claim_id": {"dtype": "string", "id": null, "_type": "Value"}, "claim": {"dtype": "string", "id": null, "_type": "Value"}, "claim_label": {"num_classes": 4, "names": ["SUPPORTS", "REFUTES", "NOT_ENOUGH_INFO", "DISPUTED"], "names_file": null, "id": null, "_type": "ClassLabel"}, "evidences": [{"evidence_id": {"dtype": "string", "id": null, "_type": "Value"}, "evidence_label": {"num_classes": 3, "names": ["SUPPORTS", "REFUTES", "NOT_ENOUGH_INFO"], "names_file": null, "id": null, "_type": "ClassLabel"}, "article": {"dtype": "string", "id": null, "_type": "Value"}, "evidence": {"dtype": "string", "id": null, "_type": "Value"}, "entropy": {"dtype": "float32", "id": null, "_type": "Value"}, "votes": [{"dtype": "string", "id": null, "_type": "Value"}]}]}, "post_processed": null, "supervised_keys": null, "builder_name": "climate_fever", "config_name": "default", "version": {"version_str": "1.0.1", "description": null, "major": 1, "minor": 0, "patch": 1}, "splits": {"test": {"name": "test", "num_bytes": 2429272, "num_examples": 1535, "dataset_name": "climate_fever"}}, "download_checksums": {"https://github.com/tdiggelm/climate-fever-dataset/archive/1.0.1.zip": {"num_bytes": 687133, "checksum": "ee059c9fb35d25ca03505e9ba476a9f511a1345f52c3b2d8d1851edd6b90c38e"}}, "download_size": 687133, "post_processing_size": null, "dataset_size": 2429272, "size_in_bytes": 3116405}}