{"default": {"description": "Dataset consisting of Polish language texts annotated to recognize brand-product relations.\n", "citation": "@inproceedings{inproceedings,\nauthor = {Janz, Arkadiusz and Kopoci\u0144ski, \u0141ukasz and Piasecki, Maciej and Pluwak, Agnieszka},\nyear = {2020},\nmonth = {05},\npages = {},\ntitle = {Brand-Product Relation Extraction Using Heterogeneous Vector Space Representations}\n}\n", "homepage": "https://clarin-pl.eu/dspace/handle/11321/736", "license": "", "features": {"id": {"dtype": "int32", "id": null, "_type": "Value"}, "text": {"dtype": "string", "id": null, "_type": "Value"}, "ner": {"feature": {"source": {"from": {"dtype": "int32", "id": null, "_type": "Value"}, "text": {"dtype": "string", "id": null, "_type": "Value"}, "to": {"dtype": "int32", "id": null, "_type": "Value"}, "type": {"num_classes": 10, "names": ["PRODUCT_NAME", "PRODUCT_NAME_IMP", "PRODUCT_NO_BRAND", "BRAND_NAME", "BRAND_NAME_IMP", "VERSION", "PRODUCT_ADJ", "BRAND_ADJ", "LOCATION", "LOCATION_IMP"], "names_file": null, "id": null, "_type": "ClassLabel"}}, "target": {"from": {"dtype": "int32", "id": null, "_type": "Value"}, "text": {"dtype": "string", "id": null, "_type": "Value"}, "to": {"dtype": "int32", "id": null, "_type": "Value"}, "type": {"num_classes": 10, "names": ["PRODUCT_NAME", "PRODUCT_NAME_IMP", "PRODUCT_NO_BRAND", "BRAND_NAME", "BRAND_NAME_IMP", "VERSION", "PRODUCT_ADJ", "BRAND_ADJ", "LOCATION", "LOCATION_IMP"], "names_file": null, "id": null, "_type": "ClassLabel"}}}, "length": -1, "id": null, "_type": "Sequence"}}, "post_processed": null, "supervised_keys": null, "builder_name": "bprec", "config_name": "default", "version": {"version_str": "1.1.0", "description": null, "major": 1, "minor": 1, "patch": 0}, "splits": {"tele": {"name": "tele", "num_bytes": 2739015, "num_examples": 2391, "dataset_name": "bprec"}, "electro": {"name": "electro", "num_bytes": 125999, "num_examples": 382, "dataset_name": "bprec"}, "cosmetics": {"name": "cosmetics", "num_bytes": 1565263, "num_examples": 2384, "dataset_name": "bprec"}, "banking": {"name": "banking", "num_bytes": 446944, "num_examples": 561, "dataset_name": "bprec"}}, "download_checksums": {"https://minio.clarin-pl.eu/semrel/corpora/ner_export_json/ner_tele_export.json": {"num_bytes": 4569708, "checksum": "cfe52cf903eb6e385e2bf2d81b5773dffb63c9f94c06361151d413ed99fee128"}, "https://minio.clarin-pl.eu/semrel/corpora/ner_export_json/ner_electro_export.json": {"num_bytes": 269917, "checksum": "43ea9603ba674f9d297d858522f9383c4ae23d7ec73a1738dd02233dba8a15bd"}, "https://minio.clarin-pl.eu/semrel/corpora/ner_export_json/ner_cosmetics_export.json": {"num_bytes": 2417388, "checksum": "100555b1a5dc2769f4b002d7205c9c438e3f196fe6fc202a934aec9e8041563c"}, "https://minio.clarin-pl.eu/semrel/corpora/ner_export_json/ner_banking_export.json": {"num_bytes": 749154, "checksum": "45bf126f3fa4f7549d371eebaea825da0c02683e7fdde41fbaff64f0e1809e16"}}, "download_size": 8006167, "post_processing_size": null, "dataset_size": 4877221, "size_in_bytes": 12883388}, "all": {"description": "Dataset consisting of Polish language texts annotated to recognize brand-product relations.\n", "citation": "@inproceedings{inproceedings,\nauthor = {Janz, Arkadiusz and Kopoci\u0144ski, \u0141ukasz and Piasecki, Maciej and Pluwak, Agnieszka},\nyear = {2020},\nmonth = {05},\npages = {},\ntitle = {Brand-Product Relation Extraction Using Heterogeneous Vector Space Representations}\n}\n", "homepage": "https://clarin-pl.eu/dspace/handle/11321/736", "license": "", "features": {"id": {"dtype": "int32", "id": null, "_type": "Value"}, "category": {"dtype": "string", "id": null, "_type": "Value"}, "text": {"dtype": "string", "id": null, "_type": "Value"}, "ner": {"feature": {"source": {"from": {"dtype": "int32", "id": null, "_type": "Value"}, "text": {"dtype": "string", "id": null, "_type": "Value"}, "to": {"dtype": "int32", "id": null, "_type": "Value"}, "type": {"num_classes": 10, "names": ["PRODUCT_NAME", "PRODUCT_NAME_IMP", "PRODUCT_NO_BRAND", "BRAND_NAME", "BRAND_NAME_IMP", "VERSION", "PRODUCT_ADJ", "BRAND_ADJ", "LOCATION", "LOCATION_IMP"], "names_file": null, "id": null, "_type": "ClassLabel"}}, "target": {"from": {"dtype": "int32", "id": null, "_type": "Value"}, "text": {"dtype": "string", "id": null, "_type": "Value"}, "to": {"dtype": "int32", "id": null, "_type": "Value"}, "type": {"num_classes": 10, "names": ["PRODUCT_NAME", "PRODUCT_NAME_IMP", "PRODUCT_NO_BRAND", "BRAND_NAME", "BRAND_NAME_IMP", "VERSION", "PRODUCT_ADJ", "BRAND_ADJ", "LOCATION", "LOCATION_IMP"], "names_file": null, "id": null, "_type": "ClassLabel"}}}, "length": -1, "id": null, "_type": "Sequence"}}, "post_processed": null, "supervised_keys": null, "builder_name": "bprec", "config_name": "all", "version": {"version_str": "1.1.0", "description": "", "major": 1, "minor": 1, "patch": 0}, "splits": {"train": {"name": "train", "num_bytes": 4937658, "num_examples": 5718, "dataset_name": "bprec"}}, "download_checksums": {"https://minio.clarin-pl.eu/semrel/corpora/ner_export_json/ner_tele_export.json": {"num_bytes": 4569708, "checksum": "cfe52cf903eb6e385e2bf2d81b5773dffb63c9f94c06361151d413ed99fee128"}, "https://minio.clarin-pl.eu/semrel/corpora/ner_export_json/ner_electro_export.json": {"num_bytes": 269917, "checksum": "43ea9603ba674f9d297d858522f9383c4ae23d7ec73a1738dd02233dba8a15bd"}, "https://minio.clarin-pl.eu/semrel/corpora/ner_export_json/ner_cosmetics_export.json": {"num_bytes": 2417388, "checksum": "100555b1a5dc2769f4b002d7205c9c438e3f196fe6fc202a934aec9e8041563c"}, "https://minio.clarin-pl.eu/semrel/corpora/ner_export_json/ner_banking_export.json": {"num_bytes": 749154, "checksum": "45bf126f3fa4f7549d371eebaea825da0c02683e7fdde41fbaff64f0e1809e16"}}, "download_size": 8006167, "post_processing_size": null, "dataset_size": 4937658, "size_in_bytes": 12943825}, "tele": {"description": "Dataset consisting of Polish language texts annotated to recognize brand-product relations.\n", "citation": "@inproceedings{inproceedings,\nauthor = {Janz, Arkadiusz and Kopoci\u0144ski, \u0141ukasz and Piasecki, Maciej and Pluwak, Agnieszka},\nyear = {2020},\nmonth = {05},\npages = {},\ntitle = {Brand-Product Relation Extraction Using Heterogeneous Vector Space Representations}\n}\n", "homepage": "https://clarin-pl.eu/dspace/handle/11321/736", "license": "", "features": {"id": {"dtype": "int32", "id": null, "_type": "Value"}, "category": {"dtype": "string", "id": null, "_type": "Value"}, "text": {"dtype": "string", "id": null, "_type": "Value"}, "ner": {"feature": {"source": {"from": {"dtype": "int32", "id": null, "_type": "Value"}, "text": {"dtype": "string", "id": null, "_type": "Value"}, "to": {"dtype": "int32", "id": null, "_type": "Value"}, "type": {"num_classes": 10, "names": ["PRODUCT_NAME", "PRODUCT_NAME_IMP", "PRODUCT_NO_BRAND", "BRAND_NAME", "BRAND_NAME_IMP", "VERSION", "PRODUCT_ADJ", "BRAND_ADJ", "LOCATION", "LOCATION_IMP"], "names_file": null, "id": null, "_type": "ClassLabel"}}, "target": {"from": {"dtype": "int32", "id": null, "_type": "Value"}, "text": {"dtype": "string", "id": null, "_type": "Value"}, "to": {"dtype": "int32", "id": null, "_type": "Value"}, "type": {"num_classes": 10, "names": ["PRODUCT_NAME", "PRODUCT_NAME_IMP", "PRODUCT_NO_BRAND", "BRAND_NAME", "BRAND_NAME_IMP", "VERSION", "PRODUCT_ADJ", "BRAND_ADJ", "LOCATION", "LOCATION_IMP"], "names_file": null, "id": null, "_type": "ClassLabel"}}}, "length": -1, "id": null, "_type": "Sequence"}}, "post_processed": null, "supervised_keys": null, "builder_name": "bprec", "config_name": "tele", "version": {"version_str": "1.1.0", "description": "", "major": 1, "minor": 1, "patch": 0}, "splits": {"train": {"name": "train", "num_bytes": 2758147, "num_examples": 2391, "dataset_name": "bprec"}}, "download_checksums": {"https://minio.clarin-pl.eu/semrel/corpora/ner_export_json/ner_tele_export.json": {"num_bytes": 4569708, "checksum": "cfe52cf903eb6e385e2bf2d81b5773dffb63c9f94c06361151d413ed99fee128"}}, "download_size": 4569708, "post_processing_size": null, "dataset_size": 2758147, "size_in_bytes": 7327855}, "electro": {"description": "Dataset consisting of Polish language texts annotated to recognize brand-product relations.\n", "citation": "@inproceedings{inproceedings,\nauthor = {Janz, Arkadiusz and Kopoci\u0144ski, \u0141ukasz and Piasecki, Maciej and Pluwak, Agnieszka},\nyear = {2020},\nmonth = {05},\npages = {},\ntitle = {Brand-Product Relation Extraction Using Heterogeneous Vector Space Representations}\n}\n", "homepage": "https://clarin-pl.eu/dspace/handle/11321/736", "license": "", "features": {"id": {"dtype": "int32", "id": null, "_type": "Value"}, "category": {"dtype": "string", "id": null, "_type": "Value"}, "text": {"dtype": "string", "id": null, "_type": "Value"}, "ner": {"feature": {"source": {"from": {"dtype": "int32", "id": null, "_type": "Value"}, "text": {"dtype": "string", "id": null, "_type": "Value"}, "to": {"dtype": "int32", "id": null, "_type": "Value"}, "type": {"num_classes": 10, "names": ["PRODUCT_NAME", "PRODUCT_NAME_IMP", "PRODUCT_NO_BRAND", "BRAND_NAME", "BRAND_NAME_IMP", "VERSION", "PRODUCT_ADJ", "BRAND_ADJ", "LOCATION", "LOCATION_IMP"], "names_file": null, "id": null, "_type": "ClassLabel"}}, "target": {"from": {"dtype": "int32", "id": null, "_type": "Value"}, "text": {"dtype": "string", "id": null, "_type": "Value"}, "to": {"dtype": "int32", "id": null, "_type": "Value"}, "type": {"num_classes": 10, "names": ["PRODUCT_NAME", "PRODUCT_NAME_IMP", "PRODUCT_NO_BRAND", "BRAND_NAME", "BRAND_NAME_IMP", "VERSION", "PRODUCT_ADJ", "BRAND_ADJ", "LOCATION", "LOCATION_IMP"], "names_file": null, "id": null, "_type": "ClassLabel"}}}, "length": -1, "id": null, "_type": "Sequence"}}, "post_processed": null, "supervised_keys": null, "builder_name": "bprec", "config_name": "electro", "version": {"version_str": "1.1.0", "description": "", "major": 1, "minor": 1, "patch": 0}, "splits": {"train": {"name": "train", "num_bytes": 130205, "num_examples": 382, "dataset_name": "bprec"}}, "download_checksums": {"https://minio.clarin-pl.eu/semrel/corpora/ner_export_json/ner_electro_export.json": {"num_bytes": 269917, "checksum": "43ea9603ba674f9d297d858522f9383c4ae23d7ec73a1738dd02233dba8a15bd"}}, "download_size": 269917, "post_processing_size": null, "dataset_size": 130205, "size_in_bytes": 400122}, "cosmetics": {"description": "Dataset consisting of Polish language texts annotated to recognize brand-product relations.\n", "citation": "@inproceedings{inproceedings,\nauthor = {Janz, Arkadiusz and Kopoci\u0144ski, \u0141ukasz and Piasecki, Maciej and Pluwak, Agnieszka},\nyear = {2020},\nmonth = {05},\npages = {},\ntitle = {Brand-Product Relation Extraction Using Heterogeneous Vector Space Representations}\n}\n", "homepage": "https://clarin-pl.eu/dspace/handle/11321/736", "license": "", "features": {"id": {"dtype": "int32", "id": null, "_type": "Value"}, "category": {"dtype": "string", "id": null, "_type": "Value"}, "text": {"dtype": "string", "id": null, "_type": "Value"}, "ner": {"feature": {"source": {"from": {"dtype": "int32", "id": null, "_type": "Value"}, "text": {"dtype": "string", "id": null, "_type": "Value"}, "to": {"dtype": "int32", "id": null, "_type": "Value"}, "type": {"num_classes": 10, "names": ["PRODUCT_NAME", "PRODUCT_NAME_IMP", "PRODUCT_NO_BRAND", "BRAND_NAME", "BRAND_NAME_IMP", "VERSION", "PRODUCT_ADJ", "BRAND_ADJ", "LOCATION", "LOCATION_IMP"], "names_file": null, "id": null, "_type": "ClassLabel"}}, "target": {"from": {"dtype": "int32", "id": null, "_type": "Value"}, "text": {"dtype": "string", "id": null, "_type": "Value"}, "to": {"dtype": "int32", "id": null, "_type": "Value"}, "type": {"num_classes": 10, "names": ["PRODUCT_NAME", "PRODUCT_NAME_IMP", "PRODUCT_NO_BRAND", "BRAND_NAME", "BRAND_NAME_IMP", "VERSION", "PRODUCT_ADJ", "BRAND_ADJ", "LOCATION", "LOCATION_IMP"], "names_file": null, "id": null, "_type": "ClassLabel"}}}, "length": -1, "id": null, "_type": "Sequence"}}, "post_processed": null, "supervised_keys": null, "builder_name": "bprec", "config_name": "cosmetics", "version": {"version_str": "1.1.0", "description": "", "major": 1, "minor": 1, "patch": 0}, "splits": {"train": {"name": "train", "num_bytes": 1596259, "num_examples": 2384, "dataset_name": "bprec"}}, "download_checksums": {"https://minio.clarin-pl.eu/semrel/corpora/ner_export_json/ner_cosmetics_export.json": {"num_bytes": 2417388, "checksum": "100555b1a5dc2769f4b002d7205c9c438e3f196fe6fc202a934aec9e8041563c"}}, "download_size": 2417388, "post_processing_size": null, "dataset_size": 1596259, "size_in_bytes": 4013647}, "banking": {"description": "Dataset consisting of Polish language texts annotated to recognize brand-product relations.\n", "citation": "@inproceedings{inproceedings,\nauthor = {Janz, Arkadiusz and Kopoci\u0144ski, \u0141ukasz and Piasecki, Maciej and Pluwak, Agnieszka},\nyear = {2020},\nmonth = {05},\npages = {},\ntitle = {Brand-Product Relation Extraction Using Heterogeneous Vector Space Representations}\n}\n", "homepage": "https://clarin-pl.eu/dspace/handle/11321/736", "license": "", "features": {"id": {"dtype": "int32", "id": null, "_type": "Value"}, "category": {"dtype": "string", "id": null, "_type": "Value"}, "text": {"dtype": "string", "id": null, "_type": "Value"}, "ner": {"feature": {"source": {"from": {"dtype": "int32", "id": null, "_type": "Value"}, "text": {"dtype": "string", "id": null, "_type": "Value"}, "to": {"dtype": "int32", "id": null, "_type": "Value"}, "type": {"num_classes": 10, "names": ["PRODUCT_NAME", "PRODUCT_NAME_IMP", "PRODUCT_NO_BRAND", "BRAND_NAME", "BRAND_NAME_IMP", "VERSION", "PRODUCT_ADJ", "BRAND_ADJ", "LOCATION", "LOCATION_IMP"], "names_file": null, "id": null, "_type": "ClassLabel"}}, "target": {"from": {"dtype": "int32", "id": null, "_type": "Value"}, "text": {"dtype": "string", "id": null, "_type": "Value"}, "to": {"dtype": "int32", "id": null, "_type": "Value"}, "type": {"num_classes": 10, "names": ["PRODUCT_NAME", "PRODUCT_NAME_IMP", "PRODUCT_NO_BRAND", "BRAND_NAME", "BRAND_NAME_IMP", "VERSION", "PRODUCT_ADJ", "BRAND_ADJ", "LOCATION", "LOCATION_IMP"], "names_file": null, "id": null, "_type": "ClassLabel"}}}, "length": -1, "id": null, "_type": "Sequence"}}, "post_processed": null, "supervised_keys": null, "builder_name": "bprec", "config_name": "banking", "version": {"version_str": "1.1.0", "description": "", "major": 1, "minor": 1, "patch": 0}, "splits": {"train": {"name": "train", "num_bytes": 453119, "num_examples": 561, "dataset_name": "bprec"}}, "download_checksums": {"https://minio.clarin-pl.eu/semrel/corpora/ner_export_json/ner_banking_export.json": {"num_bytes": 749154, "checksum": "45bf126f3fa4f7549d371eebaea825da0c02683e7fdde41fbaff64f0e1809e16"}}, "download_size": 749154, "post_processing_size": null, "dataset_size": 453119, "size_in_bytes": 1202273}}