{"default": {"description": "BoolQ is a question answering dataset for yes/no questions containing 15942 examples. These questions are naturally\noccurring ---they are generated in unprompted and unconstrained settings.\nEach example is a triplet of (question, passage, answer), with the title of the page as optional additional context.\nThe text-pair classification setup is similar to existing natural language inference tasks.\n", "citation": "@inproceedings{clark2019boolq,\n  title =     {BoolQ: Exploring the Surprising Difficulty of Natural Yes/No Questions},\n  author =    {Clark, Christopher and Lee, Kenton and Chang, Ming-Wei, and Kwiatkowski, Tom and Collins, Michael, and Toutanova, Kristina},\n  booktitle = {NAACL},\n  year =      {2019},\n}\n", "homepage": "https://github.com/google-research-datasets/boolean-questions", "license": "", "features": {"question": {"dtype": "string", "id": null, "_type": "Value"}, "answer": {"dtype": "bool", "id": null, "_type": "Value"}, "passage": {"dtype": "string", "id": null, "_type": "Value"}}, "post_processed": null, "supervised_keys": null, "builder_name": "boolq", "config_name": "default", "version": {"version_str": "0.1.0", "description": null, "major": 0, "minor": 1, "patch": 0}, "splits": {"train": {"name": "train", "num_bytes": 5829592, "num_examples": 9427, "dataset_name": "boolq"}, "validation": {"name": "validation", "num_bytes": 1998190, "num_examples": 3270, "dataset_name": "boolq"}}, "download_checksums": {"https://storage.googleapis.com/boolq/train.jsonl": {"num_bytes": 6525813, "checksum": "cc7a79d44479867e8323a7b0c5c1d82edf516ca34912201f9384c3a3d098d8db"}, "https://storage.googleapis.com/boolq/dev.jsonl": {"num_bytes": 2238726, "checksum": "ebc29ea3808c5c611672384b3de56e83349fe38fc1fe876fd29b674d81d0a80a"}}, "download_size": 8764539, "post_processing_size": null, "dataset_size": 7827782, "size_in_bytes": 16592321}}