{"default": {"description": "CodeXGLUE Clone-detection-POJ-104 dataset, available at https://github.com/microsoft/CodeXGLUE/tree/main/Code-Code/Clone-detection-POJ-104\n\nGiven a code and a collection of candidates as the input, the task is to return Top K codes with the same semantic. Models are evaluated by MAP score.\nWe use POJ-104 dataset on this task.", "citation": "@inproceedings{mou2016convolutional,\ntitle={Convolutional neural networks over tree structures for programming language processing},\nauthor={Mou, Lili and Li, Ge and Zhang, Lu and Wang, Tao and Jin, Zhi},\nbooktitle={Proceedings of the Thirtieth AAAI Conference on Artificial Intelligence},\npages={1287--1293},\nyear={2016}\n}", "homepage": "https://github.com/madlag/CodeXGLUE/tree/main/Code-Code/Clone-detection-POJ-104", "license": "", "features": {"id": {"dtype": "int32", "id": null, "_type": "Value"}, "code": {"dtype": "string", "id": null, "_type": "Value"}, "label": {"dtype": "string", "id": null, "_type": "Value"}}, "post_processed": null, "supervised_keys": {"input": "label", "output": ""}, "task_templates": null, "builder_name": "code_x_glue_cc_clone_detection_poj104", "config_name": "default", "version": {"version_str": "0.0.0", "description": null, "major": 0, "minor": 0, "patch": 0}, "splits": {"train": {"name": "train", "num_bytes": 18878686, "num_examples": 32000, "dataset_name": "code_x_glue_cc_clone_detection_poj104"}, "validation": {"name": "validation", "num_bytes": 5765303, "num_examples": 8000, "dataset_name": "code_x_glue_cc_clone_detection_poj104"}, "test": {"name": "test", "num_bytes": 6852864, "num_examples": 12000, "dataset_name": "code_x_glue_cc_clone_detection_poj104"}}, "download_checksums": {"https://raw.githubusercontent.com/madlag/CodeXGLUE/main/Code-Code/Clone-detection-POJ-104/dataset/programs.tar.gz": {"num_bytes": 8658581, "checksum": "c0b8ef3ee9c9159c882dc9337cb46da0e612a28e24852a83f8a1cd68c838f390"}}, "download_size": 8658581, "post_processing_size": null, "dataset_size": 31496853, "size_in_bytes": 40155434}}