{"amazon_polarity": {"description": "The Amazon reviews dataset consists of reviews from amazon.\nThe data span a period of 18 years, including ~35 million reviews up to March 2013.\nReviews include product and user information, ratings, and a plaintext review.\n", "citation": "@inproceedings{mcauley2013hidden,\n  title={Hidden factors and hidden topics: understanding rating dimensions with review text},\n  author={McAuley, Julian and Leskovec, Jure},\n  booktitle={Proceedings of the 7th ACM conference on Recommender systems},\n  pages={165--172},\n  year={2013}\n}\n", "homepage": "https://registry.opendata.aws/", "license": "Apache License 2.0", "features": {"label": {"num_classes": 2, "names": ["negative", "positive"], "id": null, "_type": "ClassLabel"}, "title": {"dtype": "string", "id": null, "_type": "Value"}, "content": {"dtype": "string", "id": null, "_type": "Value"}}, "post_processed": null, "supervised_keys": null, "task_templates": null, "builder_name": "amazon_polarity", "config_name": "amazon_polarity", "version": {"version_str": "3.0.0", "description": null, "major": 3, "minor": 0, "patch": 0}, "splits": {"train": {"name": "train", "num_bytes": 1604364432, "num_examples": 3600000, "dataset_name": "amazon_polarity"}, "test": {"name": "test", "num_bytes": 178176193, "num_examples": 400000, "dataset_name": "amazon_polarity"}}, "download_checksums": {"https://s3.amazonaws.com/fast-ai-nlp/amazon_review_polarity_csv.tgz": {"num_bytes": 688339454, "checksum": "d2a3ee7a214497a5d1b8eaed7c8d7ba2737de00ada3b0ec46243983efa100361"}}, "download_size": 688339454, "post_processing_size": null, "dataset_size": 1782540625, "size_in_bytes": 2470880079}}