{"all": {"description": "A dataset comprising of text created by OCR from the 49,455 digitised books, equating to 65,227 volumes (25+ million pages), published between c. 1510 - c. 1900.\nThe books cover a wide range of subject areas including philosophy, history, poetry and literature.\n", "citation": "@misc{bllabs2021,\n  author = {British Library Labs},\n  title = {Digitised Books. c. 1510 - c. 1900. JSONL (OCR derived text + metadata)},\n  year = {2021},\n  publisher = {British Library},\n  howpublished={https://doi.org/10.23636/r7w6-zy15}\n", "homepage": "https://www.bl.uk/collection-guides/digitised-printed-books", "license": "", "features": {"record_id": {"dtype": "string", "id": null, "_type": "Value"}, "date": {"dtype": "int32", "id": null, "_type": "Value"}, "raw_date": {"dtype": "string", "id": null, "_type": "Value"}, "title": {"dtype": "string", "id": null, "_type": "Value"}, "place": {"dtype": "string", "id": null, "_type": "Value"}, "empty_pg": {"dtype": "bool", "id": null, "_type": "Value"}, "text": {"dtype": "string", "id": null, "_type": "Value"}, "pg": {"dtype": "int32", "id": null, "_type": "Value"}, "mean_wc_ocr": {"dtype": "float32", "id": null, "_type": "Value"}, "std_wc_ocr": {"dtype": "float64", "id": null, "_type": "Value"}, "name": {"dtype": "string", "id": null, "_type": "Value"}, "all_names": {"dtype": "string", "id": null, "_type": "Value"}, "Publisher": {"dtype": "string", "id": null, "_type": "Value"}, "Country of publication 1": {"dtype": "string", "id": null, "_type": "Value"}, "all Countries of publication": {"dtype": "string", "id": null, "_type": "Value"}, "Physical description": {"dtype": "string", "id": null, "_type": "Value"}, "Language_1": {"dtype": "string", "id": null, "_type": "Value"}, "Language_2": {"dtype": "string", "id": null, "_type": "Value"}, "Language_3": {"dtype": "string", "id": null, "_type": "Value"}, "Language_4": {"dtype": "string", "id": null, "_type": "Value"}, "multi_language": {"dtype": "bool", "id": null, "_type": "Value"}}, "post_processed": null, "supervised_keys": null, "task_templates": [{"task": "language-modeling", "text_column": "text"}], "builder_name": "british_library_books", "config_name": "all", "version": {"version_str": "1.0.2", "description": null, "major": 1, "minor": 0, "patch": 2}, "splits": {"train": {"name": "train", "num_bytes": 30394267732, "num_examples": 14011953, "dataset_name": "british_library_books"}}, "download_checksums": {"https://bl.iro.bl.uk/downloads/61f58234-b370-422f-8591-8f98e46c2757?locale=en": {"num_bytes": 42320165, "checksum": "6795dd54f6b489f9fcd9146bdd6d5d9abdcb34e1492e7a283b720936292ac599"}, "https://bl.iro.bl.uk/downloads/78b4a8ec-395e-4383-831c-809faff85ad7?locale=en": {"num_bytes": 95137895, "checksum": "da6ca8597b7e65c0be51b239f5aa06462419970332c2c82308b8f2e1fe66b58e"}, "https://bl.iro.bl.uk/downloads/91ae15cb-e08f-4abf-8396-e4742d9d4e37?locale=en": {"num_bytes": 178669204, "checksum": "fb78f4c5b46bb9013c5d261d531771faf5e931a329c3b5f7a07854ce2ba523e0"}, "https://bl.iro.bl.uk/downloads/6d1a6e17-f28d-45b9-8f7a-a03cf3a96491?locale=en": {"num_bytes": 283713235, "checksum": "015c76358b83f868afb72444d7a46583e3f3b002176fe7cd5b393216ce5cd2b8"}, "https://bl.iro.bl.uk/downloads/ec764dbd-1ed4-4fc2-8668-b4df5c8ec451?locale=en": {"num_bytes": 383417283, "checksum": "0e0c27465ac18593ef7132985fc736b6c24d21551015327f9e3662cdf402760c"}, "https://bl.iro.bl.uk/downloads/eab68022-0418-4df7-a401-78972514ed20?locale=en": {"num_bytes": 472114735, "checksum": "82a5d00f0e3115bab44e9223b936d0114dd9299767ee3e8a2f749d0ebb60b3b4"}, "https://bl.iro.bl.uk/downloads/d16d88b0-aa3f-4dfe-b728-c58d168d7b4d?locale=en": {"num_bytes": 896281411, "checksum": "87cc662769eb445f9b429a29d7b7f933568719ff37640d08a7c677ee31f4f206"}, "https://bl.iro.bl.uk/downloads/a6a44ea8-8d33-4880-8b17-f89c90e3d89a?locale=en": {"num_bytes": 1327206960, "checksum": "1091a8316519888a0cf9b8dbc6a1084ef23b9d756b75d2ae14229570aa8f8024"}, "https://bl.iro.bl.uk/downloads/2e17f00f-52e6-4259-962c-b88ad60dec23?locale=en": {"num_bytes": 1297572144, "checksum": "dbe664a178dc52bc60f1600a7ebf339a4e5431a578a03c2e8ad45cde8ac8c71b"}, "https://bl.iro.bl.uk/downloads/899c3719-030c-4517-abd3-b28fdc85eed4?locale=en": {"num_bytes": 1486429823, "checksum": "0fb963b2273d9f1c040f20fd77ebc33d6d8fdaec6b3f39b7f9e97faf856b7b9e"}, "https://bl.iro.bl.uk/downloads/ec3b8545-775b-47bd-885d-ce895263709e?locale=en": {"num_bytes": 1890726047, "checksum": "b17d1126462b29d904c60e5269f86a4f321069421d72f14052c83c769ce34c50"}, "https://bl.iro.bl.uk/downloads/54ed2842-089a-439a-b751-2179b3ffba28?locale=en": {"num_bytes": 2132446760, "checksum": "9805bbabe285b90cb1f6a3b79a88918aa1c03b9799432775e16f7fd862443196"}}, "download_size": 10486035662, "post_processing_size": null, "dataset_size": 30394267732, "size_in_bytes": 40880303394}, "1800s": {"description": "A dataset comprising of text created by OCR from the 49,455 digitised books, equating to 65,227 volumes (25+ million pages), published between c. 1510 - c. 1900.\nThe books cover a wide range of subject areas including philosophy, history, poetry and literature.\n", "citation": "@misc{bllabs2021,\n  author = {British Library Labs},\n  title = {Digitised Books. c. 1510 - c. 1900. JSONL (OCR derived text + metadata)},\n  year = {2021},\n  publisher = {British Library},\n  howpublished={https://doi.org/10.23636/r7w6-zy15}\n", "homepage": "https://www.bl.uk/collection-guides/digitised-printed-books", "license": "", "features": {"record_id": {"dtype": "string", "id": null, "_type": "Value"}, "date": {"dtype": "int32", "id": null, "_type": "Value"}, "raw_date": {"dtype": "string", "id": null, "_type": "Value"}, "title": {"dtype": "string", "id": null, "_type": "Value"}, "place": {"dtype": "string", "id": null, "_type": "Value"}, "empty_pg": {"dtype": "bool", "id": null, "_type": "Value"}, "text": {"dtype": "string", "id": null, "_type": "Value"}, "pg": {"dtype": "int32", "id": null, "_type": "Value"}, "mean_wc_ocr": {"dtype": "float32", "id": null, "_type": "Value"}, "std_wc_ocr": {"dtype": "float64", "id": null, "_type": "Value"}, "name": {"dtype": "string", "id": null, "_type": "Value"}, "all_names": {"dtype": "string", "id": null, "_type": "Value"}, "Publisher": {"dtype": "string", "id": null, "_type": "Value"}, "Country of publication 1": {"dtype": "string", "id": null, "_type": "Value"}, "all Countries of publication": {"dtype": "string", "id": null, "_type": "Value"}, "Physical description": {"dtype": "string", "id": null, "_type": "Value"}, "Language_1": {"dtype": "string", "id": null, "_type": "Value"}, "Language_2": {"dtype": "string", "id": null, "_type": "Value"}, "Language_3": {"dtype": "string", "id": null, "_type": "Value"}, "Language_4": {"dtype": "string", "id": null, "_type": "Value"}, "multi_language": {"dtype": "bool", "id": null, "_type": "Value"}}, "post_processed": null, "supervised_keys": null, "task_templates": [{"task": "language-modeling", "text_column": "text"}], "builder_name": "british_library_books", "config_name": "1800s", "version": {"version_str": "1.0.2", "description": null, "major": 1, "minor": 0, "patch": 2}, "splits": {"train": {"name": "train", "num_bytes": 30020434670, "num_examples": 13781747, "dataset_name": "british_library_books"}}, "download_checksums": {"https://bl.iro.bl.uk/downloads/91ae15cb-e08f-4abf-8396-e4742d9d4e37?locale=en": {"num_bytes": 178669204, "checksum": "fb78f4c5b46bb9013c5d261d531771faf5e931a329c3b5f7a07854ce2ba523e0"}, "https://bl.iro.bl.uk/downloads/6d1a6e17-f28d-45b9-8f7a-a03cf3a96491?locale=en": {"num_bytes": 283713235, "checksum": "015c76358b83f868afb72444d7a46583e3f3b002176fe7cd5b393216ce5cd2b8"}, "https://bl.iro.bl.uk/downloads/ec764dbd-1ed4-4fc2-8668-b4df5c8ec451?locale=en": {"num_bytes": 383417283, "checksum": "0e0c27465ac18593ef7132985fc736b6c24d21551015327f9e3662cdf402760c"}, "https://bl.iro.bl.uk/downloads/eab68022-0418-4df7-a401-78972514ed20?locale=en": {"num_bytes": 472114735, "checksum": "82a5d00f0e3115bab44e9223b936d0114dd9299767ee3e8a2f749d0ebb60b3b4"}, "https://bl.iro.bl.uk/downloads/d16d88b0-aa3f-4dfe-b728-c58d168d7b4d?locale=en": {"num_bytes": 896281411, "checksum": "87cc662769eb445f9b429a29d7b7f933568719ff37640d08a7c677ee31f4f206"}, "https://bl.iro.bl.uk/downloads/a6a44ea8-8d33-4880-8b17-f89c90e3d89a?locale=en": {"num_bytes": 1327206960, "checksum": "1091a8316519888a0cf9b8dbc6a1084ef23b9d756b75d2ae14229570aa8f8024"}, "https://bl.iro.bl.uk/downloads/2e17f00f-52e6-4259-962c-b88ad60dec23?locale=en": {"num_bytes": 1297572144, "checksum": "dbe664a178dc52bc60f1600a7ebf339a4e5431a578a03c2e8ad45cde8ac8c71b"}, "https://bl.iro.bl.uk/downloads/899c3719-030c-4517-abd3-b28fdc85eed4?locale=en": {"num_bytes": 1486429823, "checksum": "0fb963b2273d9f1c040f20fd77ebc33d6d8fdaec6b3f39b7f9e97faf856b7b9e"}, "https://bl.iro.bl.uk/downloads/ec3b8545-775b-47bd-885d-ce895263709e?locale=en": {"num_bytes": 1890726047, "checksum": "b17d1126462b29d904c60e5269f86a4f321069421d72f14052c83c769ce34c50"}, "https://bl.iro.bl.uk/downloads/54ed2842-089a-439a-b751-2179b3ffba28?locale=en": {"num_bytes": 2132446760, "checksum": "9805bbabe285b90cb1f6a3b79a88918aa1c03b9799432775e16f7fd862443196"}}, "download_size": 10348577602, "post_processing_size": null, "dataset_size": 30020434670, "size_in_bytes": 40369012272}, "1700s": {"description": "A dataset comprising of text created by OCR from the 49,455 digitised books, equating to 65,227 volumes (25+ million pages), published between c. 1510 - c. 1900.\nThe books cover a wide range of subject areas including philosophy, history, poetry and literature.\n", "citation": "@misc{bllabs2021,\n  author = {British Library Labs},\n  title = {Digitised Books. c. 1510 - c. 1900. JSONL (OCR derived text + metadata)},\n  year = {2021},\n  publisher = {British Library},\n  howpublished={https://doi.org/10.23636/r7w6-zy15}\n", "homepage": "https://www.bl.uk/collection-guides/digitised-printed-books", "license": "", "features": {"record_id": {"dtype": "string", "id": null, "_type": "Value"}, "date": {"dtype": "int32", "id": null, "_type": "Value"}, "raw_date": {"dtype": "string", "id": null, "_type": "Value"}, "title": {"dtype": "string", "id": null, "_type": "Value"}, "place": {"dtype": "string", "id": null, "_type": "Value"}, "empty_pg": {"dtype": "bool", "id": null, "_type": "Value"}, "text": {"dtype": "string", "id": null, "_type": "Value"}, "pg": {"dtype": "int32", "id": null, "_type": "Value"}, "mean_wc_ocr": {"dtype": "float32", "id": null, "_type": "Value"}, "std_wc_ocr": {"dtype": "float64", "id": null, "_type": "Value"}, "name": {"dtype": "string", "id": null, "_type": "Value"}, "all_names": {"dtype": "string", "id": null, "_type": "Value"}, "Publisher": {"dtype": "string", "id": null, "_type": "Value"}, "Country of publication 1": {"dtype": "string", "id": null, "_type": "Value"}, "all Countries of publication": {"dtype": "string", "id": null, "_type": "Value"}, "Physical description": {"dtype": "string", "id": null, "_type": "Value"}, "Language_1": {"dtype": "string", "id": null, "_type": "Value"}, "Language_2": {"dtype": "string", "id": null, "_type": "Value"}, "Language_3": {"dtype": "string", "id": null, "_type": "Value"}, "Language_4": {"dtype": "string", "id": null, "_type": "Value"}, "multi_language": {"dtype": "bool", "id": null, "_type": "Value"}}, "post_processed": null, "supervised_keys": null, "task_templates": [{"task": "language-modeling", "text_column": "text"}], "builder_name": "british_library_books", "config_name": "1700s", "version": {"version_str": "1.0.2", "description": null, "major": 1, "minor": 0, "patch": 2}, "splits": {"train": {"name": "train", "num_bytes": 266382657, "num_examples": 178224, "dataset_name": "british_library_books"}}, "download_checksums": {"https://bl.iro.bl.uk/downloads/78b4a8ec-395e-4383-831c-809faff85ad7?locale=en": {"num_bytes": 95137895, "checksum": "da6ca8597b7e65c0be51b239f5aa06462419970332c2c82308b8f2e1fe66b58e"}}, "download_size": 95137895, "post_processing_size": null, "dataset_size": 266382657, "size_in_bytes": 361520552}, "1510_1699": {"description": "A dataset comprising of text created by OCR from the 49,455 digitised books, equating to 65,227 volumes (25+ million pages), published between c. 1510 - c. 1900.\nThe books cover a wide range of subject areas including philosophy, history, poetry and literature.\n", "citation": "@misc{BritishLibraryBooks2021,\n  author = {British Library Labs},\n  title = {Digitised Books. c. 1510 - c. 1900. JSONL (OCR derived text + metadata)},\n  year = {2021},\n  publisher = {British Library},\n  howpublished={https://doi.org/10.23636/r7w6-zy15}\n", "homepage": "https://www.bl.uk/collection-guides/digitised-printed-books", "license": "", "features": {"record_id": {"dtype": "string", "id": null, "_type": "Value"}, "date": {"dtype": "timestamp[s]", "id": null, "_type": "Value"}, "raw_date": {"dtype": "string", "id": null, "_type": "Value"}, "title": {"dtype": "string", "id": null, "_type": "Value"}, "place": {"dtype": "string", "id": null, "_type": "Value"}, "empty_pg": {"dtype": "bool", "id": null, "_type": "Value"}, "text": {"dtype": "string", "id": null, "_type": "Value"}, "pg": {"dtype": "int32", "id": null, "_type": "Value"}, "mean_wc_ocr": {"dtype": "float32", "id": null, "_type": "Value"}, "std_wc_ocr": {"dtype": "float64", "id": null, "_type": "Value"}, "name": {"dtype": "string", "id": null, "_type": "Value"}, "all_names": {"dtype": "string", "id": null, "_type": "Value"}, "Publisher": {"dtype": "string", "id": null, "_type": "Value"}, "Country of publication 1": {"dtype": "string", "id": null, "_type": "Value"}, "all Countries of publication": {"dtype": "string", "id": null, "_type": "Value"}, "Physical description": {"dtype": "string", "id": null, "_type": "Value"}, "Language_1": {"dtype": "string", "id": null, "_type": "Value"}, "Language_2": {"dtype": "string", "id": null, "_type": "Value"}, "Language_3": {"dtype": "string", "id": null, "_type": "Value"}, "Language_4": {"dtype": "string", "id": null, "_type": "Value"}, "multi_language": {"dtype": "bool", "id": null, "_type": "Value"}}, "post_processed": null, "supervised_keys": null, "task_templates": [{"task": "language-modeling", "text_column": "text"}], "builder_name": "british_library_books", "config_name": "1510_1699", "version": {"version_str": "1.0.2", "description": null, "major": 1, "minor": 0, "patch": 2}, "splits": {"train": {"name": "train", "num_bytes": 107667469, "num_examples": 51982, "dataset_name": "british_library_books"}}, "download_checksums": {"https://bl.iro.bl.uk/downloads/61f58234-b370-422f-8591-8f98e46c2757?locale=en": {"num_bytes": 42320165, "checksum": "6795dd54f6b489f9fcd9146bdd6d5d9abdcb34e1492e7a283b720936292ac599"}}, "download_size": 42320165, "post_processing_size": null, "dataset_size": 107667469, "size_in_bytes": 149987634}, "1500_1899": {"description": "A dataset comprising of text created by OCR from the 49,455 digitised books, equating to 65,227 volumes (25+ million pages), published between c. 1510 - c. 1900.\nThe books cover a wide range of subject areas including philosophy, history, poetry and literature.\n", "citation": "@misc{BritishLibraryBooks2021,\n  author = {British Library Labs},\n  title = {Digitised Books. c. 1510 - c. 1900. JSONL (OCR derived text + metadata)},\n  year = {2021},\n  publisher = {British Library},\n  howpublished={https://doi.org/10.23636/r7w6-zy15}\n", "homepage": "https://www.bl.uk/collection-guides/digitised-printed-books", "license": "", "features": {"record_id": {"dtype": "string", "id": null, "_type": "Value"}, "date": {"dtype": "timestamp[s]", "id": null, "_type": "Value"}, "raw_date": {"dtype": "string", "id": null, "_type": "Value"}, "title": {"dtype": "string", "id": null, "_type": "Value"}, "place": {"dtype": "string", "id": null, "_type": "Value"}, "empty_pg": {"dtype": "bool", "id": null, "_type": "Value"}, "text": {"dtype": "string", "id": null, "_type": "Value"}, "pg": {"dtype": "int32", "id": null, "_type": "Value"}, "mean_wc_ocr": {"dtype": "float32", "id": null, "_type": "Value"}, "std_wc_ocr": {"dtype": "float64", "id": null, "_type": "Value"}, "name": {"dtype": "string", "id": null, "_type": "Value"}, "all_names": {"dtype": "string", "id": null, "_type": "Value"}, "Publisher": {"dtype": "string", "id": null, "_type": "Value"}, "Country of publication 1": {"dtype": "string", "id": null, "_type": "Value"}, "all Countries of publication": {"dtype": "string", "id": null, "_type": "Value"}, "Physical description": {"dtype": "string", "id": null, "_type": "Value"}, "Language_1": {"dtype": "string", "id": null, "_type": "Value"}, "Language_2": {"dtype": "string", "id": null, "_type": "Value"}, "Language_3": {"dtype": "string", "id": null, "_type": "Value"}, "Language_4": {"dtype": "string", "id": null, "_type": "Value"}, "multi_language": {"dtype": "bool", "id": null, "_type": "Value"}}, "post_processed": null, "supervised_keys": null, "task_templates": [{"task": "language-modeling", "text_column": "text"}], "builder_name": "british_library_books", "config_name": "1500_1899", "version": {"version_str": "1.0.2", "description": null, "major": 1, "minor": 0, "patch": 2}, "splits": {"train": {"name": "train", "num_bytes": 30452067039, "num_examples": 14011953, "dataset_name": "british_library_books"}}, "download_checksums": {"https://bl.iro.bl.uk/downloads/61f58234-b370-422f-8591-8f98e46c2757?locale=en": {"num_bytes": 42320165, "checksum": "6795dd54f6b489f9fcd9146bdd6d5d9abdcb34e1492e7a283b720936292ac599"}, "https://bl.iro.bl.uk/downloads/78b4a8ec-395e-4383-831c-809faff85ad7?locale=en": {"num_bytes": 95137895, "checksum": "da6ca8597b7e65c0be51b239f5aa06462419970332c2c82308b8f2e1fe66b58e"}, "https://bl.iro.bl.uk/downloads/91ae15cb-e08f-4abf-8396-e4742d9d4e37?locale=en": {"num_bytes": 178669204, "checksum": "fb78f4c5b46bb9013c5d261d531771faf5e931a329c3b5f7a07854ce2ba523e0"}, "https://bl.iro.bl.uk/downloads/6d1a6e17-f28d-45b9-8f7a-a03cf3a96491?locale=en": {"num_bytes": 283713235, "checksum": "015c76358b83f868afb72444d7a46583e3f3b002176fe7cd5b393216ce5cd2b8"}, "https://bl.iro.bl.uk/downloads/ec764dbd-1ed4-4fc2-8668-b4df5c8ec451?locale=en": {"num_bytes": 383417283, "checksum": "0e0c27465ac18593ef7132985fc736b6c24d21551015327f9e3662cdf402760c"}, "https://bl.iro.bl.uk/downloads/eab68022-0418-4df7-a401-78972514ed20?locale=en": {"num_bytes": 472114735, "checksum": "82a5d00f0e3115bab44e9223b936d0114dd9299767ee3e8a2f749d0ebb60b3b4"}, "https://bl.iro.bl.uk/downloads/d16d88b0-aa3f-4dfe-b728-c58d168d7b4d?locale=en": {"num_bytes": 896281411, "checksum": "87cc662769eb445f9b429a29d7b7f933568719ff37640d08a7c677ee31f4f206"}, "https://bl.iro.bl.uk/downloads/a6a44ea8-8d33-4880-8b17-f89c90e3d89a?locale=en": {"num_bytes": 1327206960, "checksum": "1091a8316519888a0cf9b8dbc6a1084ef23b9d756b75d2ae14229570aa8f8024"}, "https://bl.iro.bl.uk/downloads/2e17f00f-52e6-4259-962c-b88ad60dec23?locale=en": {"num_bytes": 1297572144, "checksum": "dbe664a178dc52bc60f1600a7ebf339a4e5431a578a03c2e8ad45cde8ac8c71b"}, "https://bl.iro.bl.uk/downloads/899c3719-030c-4517-abd3-b28fdc85eed4?locale=en": {"num_bytes": 1486429823, "checksum": "0fb963b2273d9f1c040f20fd77ebc33d6d8fdaec6b3f39b7f9e97faf856b7b9e"}, "https://bl.iro.bl.uk/downloads/ec3b8545-775b-47bd-885d-ce895263709e?locale=en": {"num_bytes": 1890726047, "checksum": "b17d1126462b29d904c60e5269f86a4f321069421d72f14052c83c769ce34c50"}, "https://bl.iro.bl.uk/downloads/54ed2842-089a-439a-b751-2179b3ffba28?locale=en": {"num_bytes": 2132446760, "checksum": "9805bbabe285b90cb1f6a3b79a88918aa1c03b9799432775e16f7fd862443196"}}, "download_size": 10486035662, "post_processing_size": null, "dataset_size": 30452067039, "size_in_bytes": 40938102701}, "1800_1899": {"description": "A dataset comprising of text created by OCR from the 49,455 digitised books, equating to 65,227 volumes (25+ million pages), published between c. 1510 - c. 1900.\nThe books cover a wide range of subject areas including philosophy, history, poetry and literature.\n", "citation": "@misc{BritishLibraryBooks2021,\n  author = {British Library Labs},\n  title = {Digitised Books. c. 1510 - c. 1900. JSONL (OCR derived text + metadata)},\n  year = {2021},\n  publisher = {British Library},\n  howpublished={https://doi.org/10.23636/r7w6-zy15}\n", "homepage": "https://www.bl.uk/collection-guides/digitised-printed-books", "license": "", "features": {"record_id": {"dtype": "string", "id": null, "_type": "Value"}, "date": {"dtype": "timestamp[s]", "id": null, "_type": "Value"}, "raw_date": {"dtype": "string", "id": null, "_type": "Value"}, "title": {"dtype": "string", "id": null, "_type": "Value"}, "place": {"dtype": "string", "id": null, "_type": "Value"}, "empty_pg": {"dtype": "bool", "id": null, "_type": "Value"}, "text": {"dtype": "string", "id": null, "_type": "Value"}, "pg": {"dtype": "int32", "id": null, "_type": "Value"}, "mean_wc_ocr": {"dtype": "float32", "id": null, "_type": "Value"}, "std_wc_ocr": {"dtype": "float64", "id": null, "_type": "Value"}, "name": {"dtype": "string", "id": null, "_type": "Value"}, "all_names": {"dtype": "string", "id": null, "_type": "Value"}, "Publisher": {"dtype": "string", "id": null, "_type": "Value"}, "Country of publication 1": {"dtype": "string", "id": null, "_type": "Value"}, "all Countries of publication": {"dtype": "string", "id": null, "_type": "Value"}, "Physical description": {"dtype": "string", "id": null, "_type": "Value"}, "Language_1": {"dtype": "string", "id": null, "_type": "Value"}, "Language_2": {"dtype": "string", "id": null, "_type": "Value"}, "Language_3": {"dtype": "string", "id": null, "_type": "Value"}, "Language_4": {"dtype": "string", "id": null, "_type": "Value"}, "multi_language": {"dtype": "bool", "id": null, "_type": "Value"}}, "post_processed": null, "supervised_keys": null, "task_templates": [{"task": "language-modeling", "text_column": "text"}], "builder_name": "british_library_books", "config_name": "1800_1899", "version": {"version_str": "1.0.2", "description": null, "major": 1, "minor": 0, "patch": 2}, "splits": {"train": {"name": "train", "num_bytes": 30077284377, "num_examples": 13781747, "dataset_name": "british_library_books"}}, "download_checksums": {"https://bl.iro.bl.uk/downloads/91ae15cb-e08f-4abf-8396-e4742d9d4e37?locale=en": {"num_bytes": 178669204, "checksum": "fb78f4c5b46bb9013c5d261d531771faf5e931a329c3b5f7a07854ce2ba523e0"}, "https://bl.iro.bl.uk/downloads/6d1a6e17-f28d-45b9-8f7a-a03cf3a96491?locale=en": {"num_bytes": 283713235, "checksum": "015c76358b83f868afb72444d7a46583e3f3b002176fe7cd5b393216ce5cd2b8"}, "https://bl.iro.bl.uk/downloads/ec764dbd-1ed4-4fc2-8668-b4df5c8ec451?locale=en": {"num_bytes": 383417283, "checksum": "0e0c27465ac18593ef7132985fc736b6c24d21551015327f9e3662cdf402760c"}, "https://bl.iro.bl.uk/downloads/eab68022-0418-4df7-a401-78972514ed20?locale=en": {"num_bytes": 472114735, "checksum": "82a5d00f0e3115bab44e9223b936d0114dd9299767ee3e8a2f749d0ebb60b3b4"}, "https://bl.iro.bl.uk/downloads/d16d88b0-aa3f-4dfe-b728-c58d168d7b4d?locale=en": {"num_bytes": 896281411, "checksum": "87cc662769eb445f9b429a29d7b7f933568719ff37640d08a7c677ee31f4f206"}, "https://bl.iro.bl.uk/downloads/a6a44ea8-8d33-4880-8b17-f89c90e3d89a?locale=en": {"num_bytes": 1327206960, "checksum": "1091a8316519888a0cf9b8dbc6a1084ef23b9d756b75d2ae14229570aa8f8024"}, "https://bl.iro.bl.uk/downloads/2e17f00f-52e6-4259-962c-b88ad60dec23?locale=en": {"num_bytes": 1297572144, "checksum": "dbe664a178dc52bc60f1600a7ebf339a4e5431a578a03c2e8ad45cde8ac8c71b"}, "https://bl.iro.bl.uk/downloads/899c3719-030c-4517-abd3-b28fdc85eed4?locale=en": {"num_bytes": 1486429823, "checksum": "0fb963b2273d9f1c040f20fd77ebc33d6d8fdaec6b3f39b7f9e97faf856b7b9e"}, "https://bl.iro.bl.uk/downloads/ec3b8545-775b-47bd-885d-ce895263709e?locale=en": {"num_bytes": 1890726047, "checksum": "b17d1126462b29d904c60e5269f86a4f321069421d72f14052c83c769ce34c50"}, "https://bl.iro.bl.uk/downloads/54ed2842-089a-439a-b751-2179b3ffba28?locale=en": {"num_bytes": 2132446760, "checksum": "9805bbabe285b90cb1f6a3b79a88918aa1c03b9799432775e16f7fd862443196"}}, "download_size": 10348577602, "post_processing_size": null, "dataset_size": 30077284377, "size_in_bytes": 40425861979}, "1700_1799": {"description": "A dataset comprising of text created by OCR from the 49,455 digitised books, equating to 65,227 volumes (25+ million pages), published between c. 1510 - c. 1900.\nThe books cover a wide range of subject areas including philosophy, history, poetry and literature.\n", "citation": "@misc{BritishLibraryBooks2021,\n  author = {British Library Labs},\n  title = {Digitised Books. c. 1510 - c. 1900. JSONL (OCR derived text + metadata)},\n  year = {2021},\n  publisher = {British Library},\n  howpublished={https://doi.org/10.23636/r7w6-zy15}\n", "homepage": "https://www.bl.uk/collection-guides/digitised-printed-books", "license": "", "features": {"record_id": {"dtype": "string", "id": null, "_type": "Value"}, "date": {"dtype": "timestamp[s]", "id": null, "_type": "Value"}, "raw_date": {"dtype": "string", "id": null, "_type": "Value"}, "title": {"dtype": "string", "id": null, "_type": "Value"}, "place": {"dtype": "string", "id": null, "_type": "Value"}, "empty_pg": {"dtype": "bool", "id": null, "_type": "Value"}, "text": {"dtype": "string", "id": null, "_type": "Value"}, "pg": {"dtype": "int32", "id": null, "_type": "Value"}, "mean_wc_ocr": {"dtype": "float32", "id": null, "_type": "Value"}, "std_wc_ocr": {"dtype": "float64", "id": null, "_type": "Value"}, "name": {"dtype": "string", "id": null, "_type": "Value"}, "all_names": {"dtype": "string", "id": null, "_type": "Value"}, "Publisher": {"dtype": "string", "id": null, "_type": "Value"}, "Country of publication 1": {"dtype": "string", "id": null, "_type": "Value"}, "all Countries of publication": {"dtype": "string", "id": null, "_type": "Value"}, "Physical description": {"dtype": "string", "id": null, "_type": "Value"}, "Language_1": {"dtype": "string", "id": null, "_type": "Value"}, "Language_2": {"dtype": "string", "id": null, "_type": "Value"}, "Language_3": {"dtype": "string", "id": null, "_type": "Value"}, "Language_4": {"dtype": "string", "id": null, "_type": "Value"}, "multi_language": {"dtype": "bool", "id": null, "_type": "Value"}}, "post_processed": null, "supervised_keys": null, "task_templates": [{"task": "language-modeling", "text_column": "text"}], "builder_name": "british_library_books", "config_name": "1700_1799", "version": {"version_str": "1.0.2", "description": null, "major": 1, "minor": 0, "patch": 2}, "splits": {"train": {"name": "train", "num_bytes": 267117831, "num_examples": 178224, "dataset_name": "british_library_books"}}, "download_checksums": {"https://bl.iro.bl.uk/downloads/78b4a8ec-395e-4383-831c-809faff85ad7?locale=en": {"num_bytes": 95137895, "checksum": "da6ca8597b7e65c0be51b239f5aa06462419970332c2c82308b8f2e1fe66b58e"}}, "download_size": 95137895, "post_processing_size": null, "dataset_size": 267117831, "size_in_bytes": 362255726}}