{"mcd1": {"description": "\nThe CFQ dataset (and it's splits) for measuring compositional generalization.\n\nSee https://arxiv.org/abs/1912.09713.pdf for background.\n\nExample usage:\ndata = datasets.load_dataset('cfq/mcd1')\n", "citation": "\n@inproceedings{Keysers2020,\n  title={Measuring Compositional Generalization: A Comprehensive Method on\n         Realistic Data},\n  author={Daniel Keysers and Nathanael Sch\"{a}rli and Nathan Scales and\n          Hylke Buisman and Daniel Furrer and Sergii Kashubin and\n          Nikola Momchev and Danila Sinopalnikov and Lukasz Stafiniak and\n          Tibor Tihon and Dmitry Tsarkov and Xiao Wang and Marc van Zee and\n          Olivier Bousquet},\n  booktitle={ICLR},\n  year={2020},\n  url={https://arxiv.org/abs/1912.09713.pdf},\n}\n", "homepage": "https://github.com/google-research/google-research/tree/master/cfq", "license": "", "features": {"question": {"dtype": "string", "id": null, "_type": "Value"}, "query": {"dtype": "string", "id": null, "_type": "Value"}}, "supervised_keys": {"input": "question", "output": "query"}, "builder_name": "cfq", "config_name": "mcd1", "version": {"version_str": "1.0.1", "description": null, "datasets_version_to_prepare": null, "major": 1, "minor": 0, "patch": 1}, "splits": {"test": {"name": "test", "num_bytes": 5450999, "num_examples": 11968, "dataset_name": "cfq"}, "train": {"name": "train", "num_bytes": 37444718, "num_examples": 95743, "dataset_name": "cfq"}}, "download_checksums": {"https://storage.googleapis.com/cfq_dataset/cfq.tar.gz": {"num_bytes": 267599061, "checksum": "979d719271eae12611643b89151f639d94092800e7e71f2d23a754c43f3eb1ba"}}, "download_size": 267599061, "dataset_size": 42895717, "size_in_bytes": 310494778}, "mcd2": {"description": "\nThe CFQ dataset (and it's splits) for measuring compositional generalization.\n\nSee https://arxiv.org/abs/1912.09713.pdf for background.\n\nExample usage:\ndata = datasets.load_dataset('cfq/mcd1')\n", "citation": "\n@inproceedings{Keysers2020,\n  title={Measuring Compositional Generalization: A Comprehensive Method on\n         Realistic Data},\n  author={Daniel Keysers and Nathanael Sch\"{a}rli and Nathan Scales and\n          Hylke Buisman and Daniel Furrer and Sergii Kashubin and\n          Nikola Momchev and Danila Sinopalnikov and Lukasz Stafiniak and\n          Tibor Tihon and Dmitry Tsarkov and Xiao Wang and Marc van Zee and\n          Olivier Bousquet},\n  booktitle={ICLR},\n  year={2020},\n  url={https://arxiv.org/abs/1912.09713.pdf},\n}\n", "homepage": "https://github.com/google-research/google-research/tree/master/cfq", "license": "", "features": {"question": {"dtype": "string", "id": null, "_type": "Value"}, "query": {"dtype": "string", "id": null, "_type": "Value"}}, "supervised_keys": {"input": "question", "output": "query"}, "builder_name": "cfq", "config_name": "mcd2", "version": {"version_str": "1.0.1", "description": null, "datasets_version_to_prepare": null, "major": 1, "minor": 0, "patch": 1}, "splits": {"test": {"name": "test", "num_bytes": 5318515, "num_examples": 11968, "dataset_name": "cfq"}, "train": {"name": "train", "num_bytes": 39460569, "num_examples": 95743, "dataset_name": "cfq"}}, "download_checksums": {"https://storage.googleapis.com/cfq_dataset/cfq.tar.gz": {"num_bytes": 267599061, "checksum": "979d719271eae12611643b89151f639d94092800e7e71f2d23a754c43f3eb1ba"}}, "download_size": 267599061, "dataset_size": 44779084, "size_in_bytes": 312378145}, "mcd3": {"description": "\nThe CFQ dataset (and it's splits) for measuring compositional generalization.\n\nSee https://arxiv.org/abs/1912.09713.pdf for background.\n\nExample usage:\ndata = datasets.load_dataset('cfq/mcd1')\n", "citation": "\n@inproceedings{Keysers2020,\n  title={Measuring Compositional Generalization: A Comprehensive Method on\n         Realistic Data},\n  author={Daniel Keysers and Nathanael Sch\"{a}rli and Nathan Scales and\n          Hylke Buisman and Daniel Furrer and Sergii Kashubin and\n          Nikola Momchev and Danila Sinopalnikov and Lukasz Stafiniak and\n          Tibor Tihon and Dmitry Tsarkov and Xiao Wang and Marc van Zee and\n          Olivier Bousquet},\n  booktitle={ICLR},\n  year={2020},\n  url={https://arxiv.org/abs/1912.09713.pdf},\n}\n", "homepage": "https://github.com/google-research/google-research/tree/master/cfq", "license": "", "features": {"question": {"dtype": "string", "id": null, "_type": "Value"}, "query": {"dtype": "string", "id": null, "_type": "Value"}}, "supervised_keys": {"input": "question", "output": "query"}, "builder_name": "cfq", "config_name": "mcd3", "version": {"version_str": "1.0.1", "description": null, "datasets_version_to_prepare": null, "major": 1, "minor": 0, "patch": 1}, "splits": {"test": {"name": "test", "num_bytes": 5248999, "num_examples": 11968, "dataset_name": "cfq"}, "train": {"name": "train", "num_bytes": 38352257, "num_examples": 95743, "dataset_name": "cfq"}}, "download_checksums": {"https://storage.googleapis.com/cfq_dataset/cfq.tar.gz": {"num_bytes": 267599061, "checksum": "979d719271eae12611643b89151f639d94092800e7e71f2d23a754c43f3eb1ba"}}, "download_size": 267599061, "dataset_size": 43601256, "size_in_bytes": 311200317}, "question_complexity_split": {"description": "\nThe CFQ dataset (and it's splits) for measuring compositional generalization.\n\nSee https://arxiv.org/abs/1912.09713.pdf for background.\n\nExample usage:\ndata = datasets.load_dataset('cfq/mcd1')\n", "citation": "\n@inproceedings{Keysers2020,\n  title={Measuring Compositional Generalization: A Comprehensive Method on\n         Realistic Data},\n  author={Daniel Keysers and Nathanael Sch\"{a}rli and Nathan Scales and\n          Hylke Buisman and Daniel Furrer and Sergii Kashubin and\n          Nikola Momchev and Danila Sinopalnikov and Lukasz Stafiniak and\n          Tibor Tihon and Dmitry Tsarkov and Xiao Wang and Marc van Zee and\n          Olivier Bousquet},\n  booktitle={ICLR},\n  year={2020},\n  url={https://arxiv.org/abs/1912.09713.pdf},\n}\n", "homepage": "https://github.com/google-research/google-research/tree/master/cfq", "license": "", "features": {"question": {"dtype": "string", "id": null, "_type": "Value"}, "query": {"dtype": "string", "id": null, "_type": "Value"}}, "supervised_keys": {"input": "question", "output": "query"}, "builder_name": "cfq", "config_name": "question_complexity_split", "version": {"version_str": "1.0.1", "description": null, "datasets_version_to_prepare": null, "major": 1, "minor": 0, "patch": 1}, "splits": {"test": {"name": "test", "num_bytes": 5785448, "num_examples": 10340, "dataset_name": "cfq"}, "train": {"name": "train", "num_bytes": 40026566, "num_examples": 98999, "dataset_name": "cfq"}}, "download_checksums": {"https://storage.googleapis.com/cfq_dataset/cfq.tar.gz": {"num_bytes": 267599061, "checksum": "979d719271eae12611643b89151f639d94092800e7e71f2d23a754c43f3eb1ba"}}, "download_size": 267599061, "dataset_size": 45812014, "size_in_bytes": 313411075}, "question_pattern_split": {"description": "\nThe CFQ dataset (and it's splits) for measuring compositional generalization.\n\nSee https://arxiv.org/abs/1912.09713.pdf for background.\n\nExample usage:\ndata = datasets.load_dataset('cfq/mcd1')\n", "citation": "\n@inproceedings{Keysers2020,\n  title={Measuring Compositional Generalization: A Comprehensive Method on\n         Realistic Data},\n  author={Daniel Keysers and Nathanael Sch\"{a}rli and Nathan Scales and\n          Hylke Buisman and Daniel Furrer and Sergii Kashubin and\n          Nikola Momchev and Danila Sinopalnikov and Lukasz Stafiniak and\n          Tibor Tihon and Dmitry Tsarkov and Xiao Wang and Marc van Zee and\n          Olivier Bousquet},\n  booktitle={ICLR},\n  year={2020},\n  url={https://arxiv.org/abs/1912.09713.pdf},\n}\n", "homepage": "https://github.com/google-research/google-research/tree/master/cfq", "license": "", "features": {"question": {"dtype": "string", "id": null, "_type": "Value"}, "query": {"dtype": "string", "id": null, "_type": "Value"}}, "supervised_keys": {"input": "question", "output": "query"}, "builder_name": "cfq", "config_name": "question_pattern_split", "version": {"version_str": "1.0.1", "description": null, "datasets_version_to_prepare": null, "major": 1, "minor": 0, "patch": 1}, "splits": {"test": {"name": "test", "num_bytes": 5184411, "num_examples": 11909, "dataset_name": "cfq"}, "train": {"name": "train", "num_bytes": 41253229, "num_examples": 95654, "dataset_name": "cfq"}}, "download_checksums": {"https://storage.googleapis.com/cfq_dataset/cfq.tar.gz": {"num_bytes": 267599061, "checksum": "979d719271eae12611643b89151f639d94092800e7e71f2d23a754c43f3eb1ba"}}, "download_size": 267599061, "dataset_size": 46437640, "size_in_bytes": 314036701}, "query_complexity_split": {"description": "\nThe CFQ dataset (and it's splits) for measuring compositional generalization.\n\nSee https://arxiv.org/abs/1912.09713.pdf for background.\n\nExample usage:\ndata = datasets.load_dataset('cfq/mcd1')\n", "citation": "\n@inproceedings{Keysers2020,\n  title={Measuring Compositional Generalization: A Comprehensive Method on\n         Realistic Data},\n  author={Daniel Keysers and Nathanael Sch\"{a}rli and Nathan Scales and\n          Hylke Buisman and Daniel Furrer and Sergii Kashubin and\n          Nikola Momchev and Danila Sinopalnikov and Lukasz Stafiniak and\n          Tibor Tihon and Dmitry Tsarkov and Xiao Wang and Marc van Zee and\n          Olivier Bousquet},\n  booktitle={ICLR},\n  year={2020},\n  url={https://arxiv.org/abs/1912.09713.pdf},\n}\n", "homepage": "https://github.com/google-research/google-research/tree/master/cfq", "license": "", "features": {"question": {"dtype": "string", "id": null, "_type": "Value"}, "query": {"dtype": "string", "id": null, "_type": "Value"}}, "supervised_keys": {"input": "question", "output": "query"}, "builder_name": "cfq", "config_name": "query_complexity_split", "version": {"version_str": "1.0.1", "description": null, "datasets_version_to_prepare": null, "major": 1, "minor": 0, "patch": 1}, "splits": {"test": {"name": "test", "num_bytes": 5638499, "num_examples": 9512, "dataset_name": "cfq"}, "train": {"name": "train", "num_bytes": 40307937, "num_examples": 100654, "dataset_name": "cfq"}}, "download_checksums": {"https://storage.googleapis.com/cfq_dataset/cfq.tar.gz": {"num_bytes": 267599061, "checksum": "979d719271eae12611643b89151f639d94092800e7e71f2d23a754c43f3eb1ba"}}, "download_size": 267599061, "dataset_size": 45946436, "size_in_bytes": 313545497}, "query_pattern_split": {"description": "\nThe CFQ dataset (and it's splits) for measuring compositional generalization.\n\nSee https://arxiv.org/abs/1912.09713.pdf for background.\n\nExample usage:\ndata = datasets.load_dataset('cfq/mcd1')\n", "citation": "\n@inproceedings{Keysers2020,\n  title={Measuring Compositional Generalization: A Comprehensive Method on\n         Realistic Data},\n  author={Daniel Keysers and Nathanael Sch\"{a}rli and Nathan Scales and\n          Hylke Buisman and Daniel Furrer and Sergii Kashubin and\n          Nikola Momchev and Danila Sinopalnikov and Lukasz Stafiniak and\n          Tibor Tihon and Dmitry Tsarkov and Xiao Wang and Marc van Zee and\n          Olivier Bousquet},\n  booktitle={ICLR},\n  year={2020},\n  url={https://arxiv.org/abs/1912.09713.pdf},\n}\n", "homepage": "https://github.com/google-research/google-research/tree/master/cfq", "license": "", "features": {"question": {"dtype": "string", "id": null, "_type": "Value"}, "query": {"dtype": "string", "id": null, "_type": "Value"}}, "supervised_keys": {"input": "question", "output": "query"}, "builder_name": "cfq", "config_name": "query_pattern_split", "version": {"version_str": "1.0.1", "description": null, "datasets_version_to_prepare": null, "major": 1, "minor": 0, "patch": 1}, "splits": {"test": {"name": "test", "num_bytes": 5273088, "num_examples": 12589, "dataset_name": "cfq"}, "train": {"name": "train", "num_bytes": 40846767, "num_examples": 94600, "dataset_name": "cfq"}}, "download_checksums": {"https://storage.googleapis.com/cfq_dataset/cfq.tar.gz": {"num_bytes": 267599061, "checksum": "979d719271eae12611643b89151f639d94092800e7e71f2d23a754c43f3eb1ba"}}, "download_size": 267599061, "dataset_size": 46119855, "size_in_bytes": 313718916}, "random_split": {"description": "\nThe CFQ dataset (and it's splits) for measuring compositional generalization.\n\nSee https://arxiv.org/abs/1912.09713.pdf for background.\n\nExample usage:\ndata = datasets.load_dataset('cfq/mcd1')\n", "citation": "\n@inproceedings{Keysers2020,\n  title={Measuring Compositional Generalization: A Comprehensive Method on\n         Realistic Data},\n  author={Daniel Keysers and Nathanael Sch\"{a}rli and Nathan Scales and\n          Hylke Buisman and Daniel Furrer and Sergii Kashubin and\n          Nikola Momchev and Danila Sinopalnikov and Lukasz Stafiniak and\n          Tibor Tihon and Dmitry Tsarkov and Xiao Wang and Marc van Zee and\n          Olivier Bousquet},\n  booktitle={ICLR},\n  year={2020},\n  url={https://arxiv.org/abs/1912.09713.pdf},\n}\n", "homepage": "https://github.com/google-research/google-research/tree/master/cfq", "license": "", "features": {"question": {"dtype": "string", "id": null, "_type": "Value"}, "query": {"dtype": "string", "id": null, "_type": "Value"}}, "supervised_keys": {"input": "question", "output": "query"}, "builder_name": "cfq", "config_name": "random_split", "version": {"version_str": "1.0.1", "description": null, "datasets_version_to_prepare": null, "major": 1, "minor": 0, "patch": 1}, "splits": {"test": {"name": "test", "num_bytes": 5169419, "num_examples": 11967, "dataset_name": "cfq"}, "train": {"name": "train", "num_bytes": 41315130, "num_examples": 95744, "dataset_name": "cfq"}}, "download_checksums": {"https://storage.googleapis.com/cfq_dataset/cfq.tar.gz": {"num_bytes": 267599061, "checksum": "979d719271eae12611643b89151f639d94092800e7e71f2d23a754c43f3eb1ba"}}, "download_size": 267599061, "dataset_size": 46484549, "size_in_bytes": 314083610}}