{"default": {"description": " The COrpus of Urdu News TExt Reuse (COUNTER) corpus contains 1200 documents with real examples of text reuse from the field of journalism. It has been manually annotated at document level with three levels of reuse: wholly derived, partially derived and non derived.\n", "citation": "@Article{Sharjeel2016,\nauthor=\"Sharjeel, Muhammad\nand Nawab, Rao Muhammad Adeel\nand Rayson, Paul\",\ntitle=\"COUNTER: corpus of Urdu news text reuse\",\njournal=\"Language Resources and Evaluation\",\nyear=\"2016\",\npages=\"1--27\",\nissn=\"1574-0218\",\ndoi=\"10.1007/s10579-016-9367-2\",\nurl=\"http://dx.doi.org/10.1007/s10579-016-9367-2\"\n", "homepage": "http://ucrel.lancs.ac.uk/textreuse/counter.php", "license": "The corpus is licensed under a Creative Commons Attribution-NonCommercial-ShareAlike 4.0 International License. ", "features": {"source": {"filename": {"dtype": "string", "id": null, "_type": "Value"}, "headline": {"dtype": "string", "id": null, "_type": "Value"}, "body": {"dtype": "string", "id": null, "_type": "Value"}, "total_number_of_words": {"dtype": "int64", "id": null, "_type": "Value"}, "total_number_of_sentences": {"dtype": "int64", "id": null, "_type": "Value"}, "number_of_words_with_swr": {"dtype": "int64", "id": null, "_type": "Value"}, "newspaper": {"dtype": "string", "id": null, "_type": "Value"}, "newsdate": {"dtype": "string", "id": null, "_type": "Value"}, "domain": {"num_classes": 5, "names": ["business", "sports", "national", "foreign", "showbiz"], "names_file": null, "id": null, "_type": "ClassLabel"}, "classification": {"num_classes": 3, "names": ["wholly_derived", "partially_derived", "not_derived"], "names_file": null, "id": null, "_type": "ClassLabel"}}, "derived": {"filename": {"dtype": "string", "id": null, "_type": "Value"}, "headline": {"dtype": "string", "id": null, "_type": "Value"}, "body": {"dtype": "string", "id": null, "_type": "Value"}, "total_number_of_words": {"dtype": "int64", "id": null, "_type": "Value"}, "total_number_of_sentences": {"dtype": "int64", "id": null, "_type": "Value"}, "number_of_words_with_swr": {"dtype": "int64", "id": null, "_type": "Value"}, "newspaper": {"dtype": "string", "id": null, "_type": "Value"}, "newsdate": {"dtype": "string", "id": null, "_type": "Value"}, "domain": {"num_classes": 5, "names": ["business", "sports", "national", "foreign", "showbiz"], "names_file": null, "id": null, "_type": "ClassLabel"}, "classification": {"num_classes": 3, "names": ["wholly_derived", "partially_derived", "not_derived"], "names_file": null, "id": null, "_type": "ClassLabel"}}}, "post_processed": null, "supervised_keys": null, "builder_name": "counter", "config_name": "default", "version": {"version_str": "1.0.0", "description": null, "major": 1, "minor": 0, "patch": 0}, "splits": {"train": {"name": "train", "num_bytes": 2598872, "num_examples": 600, "dataset_name": "counter"}}, "download_checksums": {"http://ucrel.lancs.ac.uk/textreuse/COUNTER.zip": {"num_bytes": 1356306, "checksum": "c6df7ad79e03952801155d8e9b2d3a5fea2e2d8231d40f1f238082ce2c28e59e"}}, "download_size": 1356306, "post_processing_size": null, "dataset_size": 2598872, "size_in_bytes": 3955178}}