{"de-en": {"description": "This is a multilingual parallel corpus created from translations of the Bible compiled by Christos Christodoulopoulos and Mark Steedman.\n\n102 languages, 5,148 bitexts\ntotal number of files: 107\ntotal number of tokens: 56.43M\ntotal number of sentence fragments: 2.84M\n", "citation": "OPUS and A massively parallel corpus: the Bible in 100 languages, Christos Christodoulopoulos and Mark Steedman, *Language Resources and Evaluation*, 49 (2)\n", "homepage": "http://opus.nlpl.eu/bible-uedin.php", "license": "", "features": {"id": {"dtype": "string", "id": null, "_type": "Value"}, "translation": {"languages": ["de", "en"], "id": null, "_type": "Translation"}}, "post_processed": null, "supervised_keys": null, "builder_name": "bible_para", "config_name": "de-en", "version": {"version_str": "1.0.0", "description": "", "major": 1, "minor": 0, "patch": 0}, "splits": {"train": {"name": "train", "num_bytes": 17262178, "num_examples": 62195, "dataset_name": "bible_para"}}, "download_checksums": {"https://object.pouta.csc.fi/OPUS-bible-uedin/v1/moses/de-en.txt.zip": {"num_bytes": 5440713, "checksum": "c3189e56441b6761276be449b3548dd48991401eab201303e6123cc7148b7446"}}, "download_size": 5440713, "post_processing_size": null, "dataset_size": 17262178, "size_in_bytes": 22702891}, "en-fr": {"description": "This is a multilingual parallel corpus created from translations of the Bible compiled by Christos Christodoulopoulos and Mark Steedman.\n\n102 languages, 5,148 bitexts\ntotal number of files: 107\ntotal number of tokens: 56.43M\ntotal number of sentence fragments: 2.84M\n", "citation": "OPUS and A massively parallel corpus: the Bible in 100 languages, Christos Christodoulopoulos and Mark Steedman, *Language Resources and Evaluation*, 49 (2)\n", "homepage": "http://opus.nlpl.eu/bible-uedin.php", "license": "", "features": {"id": {"dtype": "string", "id": null, "_type": "Value"}, "translation": {"languages": ["en", "fr"], "id": null, "_type": "Translation"}}, "post_processed": null, "supervised_keys": null, "builder_name": "bible_para", "config_name": "en-fr", "version": {"version_str": "1.0.0", "description": "", "major": 1, "minor": 0, "patch": 0}, "splits": {"train": {"name": "train", "num_bytes": 17536445, "num_examples": 62195, "dataset_name": "bible_para"}}, "download_checksums": {"https://object.pouta.csc.fi/OPUS-bible-uedin/v1/moses/en-fr.txt.zip": {"num_bytes": 5470044, "checksum": "b4cdc1705896307ff0647ebe9c1c3a5b857248a7eabe9f6d23887542df090cce"}}, "download_size": 5470044, "post_processing_size": null, "dataset_size": 17536445, "size_in_bytes": 23006489}, "en-es": {"description": "This is a multilingual parallel corpus created from translations of the Bible compiled by Christos Christodoulopoulos and Mark Steedman.\n\n102 languages, 5,148 bitexts\ntotal number of files: 107\ntotal number of tokens: 56.43M\ntotal number of sentence fragments: 2.84M\n", "citation": "OPUS and A massively parallel corpus: the Bible in 100 languages, Christos Christodoulopoulos and Mark Steedman, *Language Resources and Evaluation*, 49 (2)\n", "homepage": "http://opus.nlpl.eu/bible-uedin.php", "license": "", "features": {"id": {"dtype": "string", "id": null, "_type": "Value"}, "translation": {"languages": ["en", "es"], "id": null, "_type": "Translation"}}, "post_processed": null, "supervised_keys": null, "builder_name": "bible_para", "config_name": "en-es", "version": {"version_str": "1.0.0", "description": "", "major": 1, "minor": 0, "patch": 0}, "splits": {"train": {"name": "train", "num_bytes": 17105724, "num_examples": 62191, "dataset_name": "bible_para"}}, "download_checksums": {"https://object.pouta.csc.fi/OPUS-bible-uedin/v1/moses/en-es.txt.zip": {"num_bytes": 5418998, "checksum": "324dcd307f373f050aa3b0c0fd7bf8566b13f676d92f607644236674cd67ff9a"}}, "download_size": 5418998, "post_processing_size": null, "dataset_size": 17105724, "size_in_bytes": 22524722}, "en-fi": {"description": "This is a multilingual parallel corpus created from translations of the Bible compiled by Christos Christodoulopoulos and Mark Steedman.\n\n102 languages, 5,148 bitexts\ntotal number of files: 107\ntotal number of tokens: 56.43M\ntotal number of sentence fragments: 2.84M\n", "citation": "OPUS and A massively parallel corpus: the Bible in 100 languages, Christos Christodoulopoulos and Mark Steedman, *Language Resources and Evaluation*, 49 (2)\n", "homepage": "http://opus.nlpl.eu/bible-uedin.php", "license": "", "features": {"id": {"dtype": "string", "id": null, "_type": "Value"}, "translation": {"languages": ["en", "fi"], "id": null, "_type": "Translation"}}, "post_processed": null, "supervised_keys": null, "builder_name": "bible_para", "config_name": "en-fi", "version": {"version_str": "1.0.0", "description": "", "major": 1, "minor": 0, "patch": 0}, "splits": {"train": {"name": "train", "num_bytes": 17486055, "num_examples": 62026, "dataset_name": "bible_para"}}, "download_checksums": {"https://object.pouta.csc.fi/OPUS-bible-uedin/v1/moses/en-fi.txt.zip": {"num_bytes": 5506407, "checksum": "a925a0a5332f6463048b1ab3393b8ed22ad9a6b4db05fe008ad6d758fb0a5bf3"}}, "download_size": 5506407, "post_processing_size": null, "dataset_size": 17486055, "size_in_bytes": 22992462}, "en-no": {"description": "This is a multilingual parallel corpus created from translations of the Bible compiled by Christos Christodoulopoulos and Mark Steedman.\n\n102 languages, 5,148 bitexts\ntotal number of files: 107\ntotal number of tokens: 56.43M\ntotal number of sentence fragments: 2.84M\n", "citation": "OPUS and A massively parallel corpus: the Bible in 100 languages, Christos Christodoulopoulos and Mark Steedman, *Language Resources and Evaluation*, 49 (2)\n", "homepage": "http://opus.nlpl.eu/bible-uedin.php", "license": "", "features": {"id": {"dtype": "string", "id": null, "_type": "Value"}, "translation": {"languages": ["en", "no"], "id": null, "_type": "Translation"}}, "post_processed": null, "supervised_keys": null, "builder_name": "bible_para", "config_name": "en-no", "version": {"version_str": "1.0.0", "description": "", "major": 1, "minor": 0, "patch": 0}, "splits": {"train": {"name": "train", "num_bytes": 16681323, "num_examples": 62107, "dataset_name": "bible_para"}}, "download_checksums": {"https://object.pouta.csc.fi/OPUS-bible-uedin/v1/moses/en-no.txt.zip": {"num_bytes": 5293164, "checksum": "147541ae473aaf8a7d1b00ee4e301be6084025e5b4efcd94c65ce3624e04dafc"}}, "download_size": 5293164, "post_processing_size": null, "dataset_size": 16681323, "size_in_bytes": 21974487}, "en-hi": {"description": "This is a multilingual parallel corpus created from translations of the Bible compiled by Christos Christodoulopoulos and Mark Steedman.\n\n102 languages, 5,148 bitexts\ntotal number of files: 107\ntotal number of tokens: 56.43M\ntotal number of sentence fragments: 2.84M\n", "citation": "OPUS and A massively parallel corpus: the Bible in 100 languages, Christos Christodoulopoulos and Mark Steedman, *Language Resources and Evaluation*, 49 (2)\n", "homepage": "http://opus.nlpl.eu/bible-uedin.php", "license": "", "features": {"id": {"dtype": "string", "id": null, "_type": "Value"}, "translation": {"languages": ["en", "hi"], "id": null, "_type": "Translation"}}, "post_processed": null, "supervised_keys": null, "builder_name": "bible_para", "config_name": "en-hi", "version": {"version_str": "1.0.0", "description": "", "major": 1, "minor": 0, "patch": 0}, "splits": {"train": {"name": "train", "num_bytes": 27849361, "num_examples": 62073, "dataset_name": "bible_para"}}, "download_checksums": {"https://object.pouta.csc.fi/OPUS-bible-uedin/v1/moses/en-hi.txt.zip": {"num_bytes": 6224765, "checksum": "b49c420cfb2b688bbc20587470ac4feaaf7aaa7493461c9408b6f5983fefcab1"}}, "download_size": 6224765, "post_processing_size": null, "dataset_size": 27849361, "size_in_bytes": 34074126}}