{"default": {"description": "CoQA: A Conversational Question Answering Challenge\n", "citation": "@InProceedings{SivaAndAl:Coca,\n       author = {Siva, Reddy and Danqi, Chen and  Christopher D., Manning},\n        title = {WikiQA: A Challenge Dataset for Open-Domain Question Answering},\n      journal = { arXiv},\n         year = {2018},\n\n}\n", "homepage": "https://stanfordnlp.github.io/coqa/", "license": "", "features": {"source": {"dtype": "string", "id": null, "_type": "Value"}, "story": {"dtype": "string", "id": null, "_type": "Value"}, "questions": {"feature": {"dtype": "string", "id": null, "_type": "Value"}, "length": -1, "id": null, "_type": "Sequence"}, "answers": {"feature": {"input_text": {"dtype": "string", "id": null, "_type": "Value"}, "answer_start": {"dtype": "int32", "id": null, "_type": "Value"}, "answer_end": {"dtype": "int32", "id": null, "_type": "Value"}}, "length": -1, "id": null, "_type": "Sequence"}}, "supervised_keys": null, "builder_name": "coqa", "config_name": "default", "version": {"version_str": "1.0.0", "description": null, "datasets_version_to_prepare": null, "major": 1, "minor": 0, "patch": 0}, "splits": {"train": {"name": "train", "num_bytes": 18014921, "num_examples": 7199, "dataset_name": "coqa"}, "validation": {"name": "validation", "num_bytes": 1227955, "num_examples": 500, "dataset_name": "coqa"}}, "download_checksums": {"https://nlp.stanford.edu/data/coqa/coqa-train-v1.0.json": {"num_bytes": 49001836, "checksum": "b0fdb2bc1bd38dd3ca2ce5fa2ac3e02c6288ac914f241ac409a655ffb6619fa6"}, "https://nlp.stanford.edu/data/coqa/coqa-dev-v1.0.json": {"num_bytes": 9090845, "checksum": "dfa367a9733ce53222918d0231d9b3bedc2b8ee831a2845f62dfc70701f2540a"}}, "download_size": 58092681, "dataset_size": 19242876, "size_in_bytes": 77335557}}