{"anli": {"description": "the Abductive Natural Language Inference Dataset from AI2\n", "citation": "@InProceedings{anli,\n  author = \"Chandra, Bhagavatula\n    and Ronan, Le Bras\n    and Chaitanya, Malaviya\n    and Keisuke, Sakaguchi\n    and Ari, Holtzman\n    and Hannah, Rashkin\n    and Doug, Downey\n    and Scott, Wen-tau Yih\n    and Yejin, Choi\",\n  title = \"Abductive Commonsense Reasoning\",\n  year = \"2020\",\n}", "homepage": "https://leaderboard.allenai.org/anli/submissions/get-started", "license": "", "features": {"observation_1": {"dtype": "string", "id": null, "_type": "Value"}, "observation_2": {"dtype": "string", "id": null, "_type": "Value"}, "hypothesis_1": {"dtype": "string", "id": null, "_type": "Value"}, "hypothesis_2": {"dtype": "string", "id": null, "_type": "Value"}, "label": {"num_classes": 3, "names": ["0", "1", "2"], "names_file": null, "id": null, "_type": "ClassLabel"}}, "supervised_keys": null, "builder_name": "art", "config_name": "anli", "version": {"version_str": "0.1.0", "description": "", "datasets_version_to_prepare": null, "major": 1, "minor": 0, "patch": 0}, "splits": {"train": {"name": "train", "num_bytes": 34046304, "num_examples": 169654, "dataset_name": "art"}, "validation": {"name": "validation", "num_bytes": 312314, "num_examples": 1532, "dataset_name": "art"}}, "download_checksums": {"https://storage.googleapis.com/ai2-mosaic/public/alphanli/alphanli-train-dev.zip": {"num_bytes": 5118294, "checksum": "24840b27553e93ec625ae020dbf78d92daeae4be31ebbd469a0c9f6f99ed1c8d"}}, "download_size": 5118294, "dataset_size": 34358618, "size_in_bytes": 39476912}}