{"plain_text": {"description": "Books are a rich source of both fine-grained information, how a character, an object or a scene looks like, as well as high-level semantics, what someone is thinking, feeling and how these states evolve through a story.\nThis version of bookcorpus has 17868 dataset items (books). Each item contains two fields: title and text. The title is the name of the book (just the file name) while text contains unprocessed book text. The bookcorpus has been prepared by Shawn Presser and is generously hosted by The-Eye. The-Eye is a non-profit, community driven platform dedicated to the archiving and long-term preservation of any and all data including but by no means limited to... websites, books, games, software, video, audio, other digital-obscura and ideas.\n", "citation": "@InProceedings{Zhu_2015_ICCV,\n    title = {Aligning Books and Movies: Towards Story-Like Visual Explanations by Watching Movies and Reading Books},\n    author = {Zhu, Yukun and Kiros, Ryan and Zemel, Rich and Salakhutdinov, Ruslan and Urtasun, Raquel and Torralba, Antonio and Fidler, Sanja},\n    booktitle = {The IEEE International Conference on Computer Vision (ICCV)},\n    month = {December},\n    year = {2015}\n}\n", "homepage": "https://github.com/soskek/bookcorpus/issues/27", "license": "", "features": {"title": {"dtype": "string", "id": null, "_type": "Value"}, "text": {"dtype": "string", "id": null, "_type": "Value"}}, "post_processed": null, "supervised_keys": null, "task_templates": null, "builder_name": "book_corpus_open", "config_name": "plain_text", "version": {"version_str": "1.0.0", "description": "", "major": 1, "minor": 0, "patch": 0}, "splits": {"train": {"name": "train", "num_bytes": 6643435392, "num_examples": 17868, "dataset_name": "book_corpus_open"}}, "download_checksums": {"https://mystic.the-eye.eu/public/AI/pile_preliminary_components/books1.tar.gz": {"num_bytes": 2404269430, "checksum": "e3c993cc825df2bdf0f78ef592f5c09236f0b9cd6bb1877142281acc50f446f9"}}, "download_size": 2404269430, "post_processing_size": null, "dataset_size": 6643435392, "size_in_bytes": 9047704822}}