{"default": {"description": "The project `Strukturen und Transformationen des Wortschatzes der \u00e4gyptischen Sprache`\nis compiling an extensively annotated digital corpus of Egyptian texts.\nThis publication comprises an excerpt of the internal database's contents.\n", "citation": "@misc{OPUS4-2919,\ntitle     = {Teilauszug der Datenbank des Vorhabens \"Strukturen und Transformationen des Wortschatzes der {\"a}gyptischen Sprache\" vom Januar 2018},\ninstitution = {Akademienvorhaben Strukturen und Transformationen des Wortschatzes der {\"a}gyptischen Sprache. Text- und Wissenskultur im alten {\"A}gypten},\ntype      = {other},\nyear        = {2018},\n}\n", "homepage": "https://aaew.bbaw.de/tla/index.html", "license": "Creative Commons-Lizenz - CC BY-SA - 4.0 International", "features": {"transcription": {"dtype": "string", "id": null, "_type": "Value"}, "translation": {"dtype": "string", "id": null, "_type": "Value"}, "hieroglyphs": {"dtype": "string", "id": null, "_type": "Value"}}, "post_processed": null, "supervised_keys": null, "builder_name": "bbaw_egyptian", "config_name": "default", "version": {"version_str": "0.0.0", "description": null, "major": 0, "minor": 0, "patch": 0}, "splits": {"train": {"name": "train", "num_bytes": 18546162, "num_examples": 100736, "dataset_name": "bbaw_egyptian"}}, "download_checksums": {"https://phiwi.github.io/all.json": {"num_bytes": 35348686, "checksum": "cd2b2396e4c08d96ba035d2efd33c5c1a755f0e45a7e2857a6c9afc0065ca6d9"}}, "download_size": 35348686, "post_processing_size": null, "dataset_size": 18546162, "size_in_bytes": 53894848}}