{"go": {"description": "CodeXGLUE code-to-text dataset, available at https://github.com/microsoft/CodeXGLUE/tree/main/Code-Text/code-to-text\n\nThe dataset we use comes from CodeSearchNet and we filter the dataset as the following:\n- Remove examples that codes cannot be parsed into an abstract syntax tree.\n- Remove examples that #tokens of documents is < 3 or >256\n- Remove examples that documents contain special tokens (e.g. <img ...> or https:...)\n- Remove examples that documents are not English.\n", "citation": "@article{husain2019codesearchnet,\ntitle={Codesearchnet challenge: Evaluating the state of semantic code search},\nauthor={Husain, Hamel and Wu, Ho-Hsiang and Gazit, Tiferet and Allamanis, Miltiadis and Brockschmidt, Marc},\njournal={arXiv preprint arXiv:1909.09436},\nyear={2019}\n}", "homepage": "https://github.com/madlag/CodeXGLUE/tree/main/Code-Text/code-to-text", "license": "", "features": {"id": {"dtype": "int32", "id": null, "_type": "Value"}, "repo": {"dtype": "string", "id": null, "_type": "Value"}, "path": {"dtype": "string", "id": null, "_type": "Value"}, "func_name": {"dtype": "string", "id": null, "_type": "Value"}, "original_string": {"dtype": "string", "id": null, "_type": "Value"}, "language": {"dtype": "string", "id": null, "_type": "Value"}, "code": {"dtype": "string", "id": null, "_type": "Value"}, "code_tokens": {"feature": {"dtype": "string", "id": null, "_type": "Value"}, "length": -1, "id": null, "_type": "Sequence"}, "docstring": {"dtype": "string", "id": null, "_type": "Value"}, "docstring_tokens": {"feature": {"dtype": "string", "id": null, "_type": "Value"}, "length": -1, "id": null, "_type": "Sequence"}, "sha": {"dtype": "string", "id": null, "_type": "Value"}, "url": {"dtype": "string", "id": null, "_type": "Value"}}, "post_processed": null, "supervised_keys": {"input": "docstring", "output": "docstring_tokens"}, "task_templates": null, "builder_name": "code_x_glue_ct_code_to_text", "config_name": "go", "version": {"version_str": "0.0.0", "description": null, "major": 0, "minor": 0, "patch": 0}, "splits": {"train": {"name": "train", "num_bytes": 342244027, "num_examples": 167288, "dataset_name": "code_x_glue_ct_code_to_text"}, "validation": {"name": "validation", "num_bytes": 13721912, "num_examples": 7325, "dataset_name": "code_x_glue_ct_code_to_text"}, "test": {"name": "test", "num_bytes": 16328458, "num_examples": 8122, "dataset_name": "code_x_glue_ct_code_to_text"}}, "download_checksums": {"https://s3.amazonaws.com/code-search-net/CodeSearchNet/v2/go.zip": {"num_bytes": 487525935, "checksum": "15d23f01dc2796447e1736263e6830079289d5ef41f09988011afdcf8da6b6e5"}, "https://raw.githubusercontent.com/madlag/CodeXGLUE/main/Code-Text/code-to-text/dataset.zip": {"num_bytes": 12396864, "checksum": "31ec750805302ecd71b278a492d23d2ac916269f7ec645bba4f23b6f7c4bf217"}}, "download_size": 499922799, "post_processing_size": null, "dataset_size": 372294397, "size_in_bytes": 872217196}, "java": {"description": "CodeXGLUE code-to-text dataset, available at https://github.com/microsoft/CodeXGLUE/tree/main/Code-Text/code-to-text\n\nThe dataset we use comes from CodeSearchNet and we filter the dataset as the following:\n- Remove examples that codes cannot be parsed into an abstract syntax tree.\n- Remove examples that #tokens of documents is < 3 or >256\n- Remove examples that documents contain special tokens (e.g. <img ...> or https:...)\n- Remove examples that documents are not English.\n", "citation": "@article{husain2019codesearchnet,\ntitle={Codesearchnet challenge: Evaluating the state of semantic code search},\nauthor={Husain, Hamel and Wu, Ho-Hsiang and Gazit, Tiferet and Allamanis, Miltiadis and Brockschmidt, Marc},\njournal={arXiv preprint arXiv:1909.09436},\nyear={2019}\n}", "homepage": "https://github.com/madlag/CodeXGLUE/tree/main/Code-Text/code-to-text", "license": "", "features": {"id": {"dtype": "int32", "id": null, "_type": "Value"}, "repo": {"dtype": "string", "id": null, "_type": "Value"}, "path": {"dtype": "string", "id": null, "_type": "Value"}, "func_name": {"dtype": "string", "id": null, "_type": "Value"}, "original_string": {"dtype": "string", "id": null, "_type": "Value"}, "language": {"dtype": "string", "id": null, "_type": "Value"}, "code": {"dtype": "string", "id": null, "_type": "Value"}, "code_tokens": {"feature": {"dtype": "string", "id": null, "_type": "Value"}, "length": -1, "id": null, "_type": "Sequence"}, "docstring": {"dtype": "string", "id": null, "_type": "Value"}, "docstring_tokens": {"feature": {"dtype": "string", "id": null, "_type": "Value"}, "length": -1, "id": null, "_type": "Sequence"}, "sha": {"dtype": "string", "id": null, "_type": "Value"}, "url": {"dtype": "string", "id": null, "_type": "Value"}}, "post_processed": null, "supervised_keys": {"input": "docstring", "output": "docstring_tokens"}, "task_templates": null, "builder_name": "code_x_glue_ct_code_to_text", "config_name": "java", "version": {"version_str": "0.0.0", "description": null, "major": 0, "minor": 0, "patch": 0}, "splits": {"train": {"name": "train", "num_bytes": 452554719, "num_examples": 164923, "dataset_name": "code_x_glue_ct_code_to_text"}, "validation": {"name": "validation", "num_bytes": 13366396, "num_examples": 5183, "dataset_name": "code_x_glue_ct_code_to_text"}, "test": {"name": "test", "num_bytes": 29080857, "num_examples": 10955, "dataset_name": "code_x_glue_ct_code_to_text"}}, "download_checksums": {"https://s3.amazonaws.com/code-search-net/CodeSearchNet/v2/java.zip": {"num_bytes": 1060569153, "checksum": "05f9204b1808413fab30f0e69229e298f6de4ad468279d53a2aa5797e3a78c17"}, "https://raw.githubusercontent.com/madlag/CodeXGLUE/main/Code-Text/code-to-text/dataset.zip": {"num_bytes": 12396864, "checksum": "31ec750805302ecd71b278a492d23d2ac916269f7ec645bba4f23b6f7c4bf217"}}, "download_size": 1072966017, "post_processing_size": null, "dataset_size": 495001972, "size_in_bytes": 1567967989}, "javascript": {"description": "CodeXGLUE code-to-text dataset, available at https://github.com/microsoft/CodeXGLUE/tree/main/Code-Text/code-to-text\n\nThe dataset we use comes from CodeSearchNet and we filter the dataset as the following:\n- Remove examples that codes cannot be parsed into an abstract syntax tree.\n- Remove examples that #tokens of documents is < 3 or >256\n- Remove examples that documents contain special tokens (e.g. <img ...> or https:...)\n- Remove examples that documents are not English.\n", "citation": "@article{husain2019codesearchnet,\ntitle={Codesearchnet challenge: Evaluating the state of semantic code search},\nauthor={Husain, Hamel and Wu, Ho-Hsiang and Gazit, Tiferet and Allamanis, Miltiadis and Brockschmidt, Marc},\njournal={arXiv preprint arXiv:1909.09436},\nyear={2019}\n}", "homepage": "https://github.com/madlag/CodeXGLUE/tree/main/Code-Text/code-to-text", "license": "", "features": {"id": {"dtype": "int32", "id": null, "_type": "Value"}, "repo": {"dtype": "string", "id": null, "_type": "Value"}, "path": {"dtype": "string", "id": null, "_type": "Value"}, "func_name": {"dtype": "string", "id": null, "_type": "Value"}, "original_string": {"dtype": "string", "id": null, "_type": "Value"}, "language": {"dtype": "string", "id": null, "_type": "Value"}, "code": {"dtype": "string", "id": null, "_type": "Value"}, "code_tokens": {"feature": {"dtype": "string", "id": null, "_type": "Value"}, "length": -1, "id": null, "_type": "Sequence"}, "docstring": {"dtype": "string", "id": null, "_type": "Value"}, "docstring_tokens": {"feature": {"dtype": "string", "id": null, "_type": "Value"}, "length": -1, "id": null, "_type": "Sequence"}, "sha": {"dtype": "string", "id": null, "_type": "Value"}, "url": {"dtype": "string", "id": null, "_type": "Value"}}, "post_processed": null, "supervised_keys": {"input": "docstring", "output": "docstring_tokens"}, "task_templates": null, "builder_name": "code_x_glue_ct_code_to_text", "config_name": "javascript", "version": {"version_str": "0.0.0", "description": null, "major": 0, "minor": 0, "patch": 0}, "splits": {"train": {"name": "train", "num_bytes": 160860743, "num_examples": 58025, "dataset_name": "code_x_glue_ct_code_to_text"}, "validation": {"name": "validation", "num_bytes": 10337396, "num_examples": 3885, "dataset_name": "code_x_glue_ct_code_to_text"}, "test": {"name": "test", "num_bytes": 10190765, "num_examples": 3291, "dataset_name": "code_x_glue_ct_code_to_text"}}, "download_checksums": {"https://s3.amazonaws.com/code-search-net/CodeSearchNet/v2/javascript.zip": {"num_bytes": 1664713350, "checksum": "fdc743f5af27f90c77584a2d29e2b7f8cecdd00c37b433c385b888ee062936dd"}, "https://raw.githubusercontent.com/madlag/CodeXGLUE/main/Code-Text/code-to-text/dataset.zip": {"num_bytes": 12396864, "checksum": "31ec750805302ecd71b278a492d23d2ac916269f7ec645bba4f23b6f7c4bf217"}}, "download_size": 1677110214, "post_processing_size": null, "dataset_size": 181388904, "size_in_bytes": 1858499118}, "php": {"description": "CodeXGLUE code-to-text dataset, available at https://github.com/microsoft/CodeXGLUE/tree/main/Code-Text/code-to-text\n\nThe dataset we use comes from CodeSearchNet and we filter the dataset as the following:\n- Remove examples that codes cannot be parsed into an abstract syntax tree.\n- Remove examples that #tokens of documents is < 3 or >256\n- Remove examples that documents contain special tokens (e.g. <img ...> or https:...)\n- Remove examples that documents are not English.\n", "citation": "@article{husain2019codesearchnet,\ntitle={Codesearchnet challenge: Evaluating the state of semantic code search},\nauthor={Husain, Hamel and Wu, Ho-Hsiang and Gazit, Tiferet and Allamanis, Miltiadis and Brockschmidt, Marc},\njournal={arXiv preprint arXiv:1909.09436},\nyear={2019}\n}", "homepage": "https://github.com/madlag/CodeXGLUE/tree/main/Code-Text/code-to-text", "license": "", "features": {"id": {"dtype": "int32", "id": null, "_type": "Value"}, "repo": {"dtype": "string", "id": null, "_type": "Value"}, "path": {"dtype": "string", "id": null, "_type": "Value"}, "func_name": {"dtype": "string", "id": null, "_type": "Value"}, "original_string": {"dtype": "string", "id": null, "_type": "Value"}, "language": {"dtype": "string", "id": null, "_type": "Value"}, "code": {"dtype": "string", "id": null, "_type": "Value"}, "code_tokens": {"feature": {"dtype": "string", "id": null, "_type": "Value"}, "length": -1, "id": null, "_type": "Sequence"}, "docstring": {"dtype": "string", "id": null, "_type": "Value"}, "docstring_tokens": {"feature": {"dtype": "string", "id": null, "_type": "Value"}, "length": -1, "id": null, "_type": "Sequence"}, "sha": {"dtype": "string", "id": null, "_type": "Value"}, "url": {"dtype": "string", "id": null, "_type": "Value"}}, "post_processed": null, "supervised_keys": {"input": "docstring", "output": "docstring_tokens"}, "task_templates": null, "builder_name": "code_x_glue_ct_code_to_text", "config_name": "php", "version": {"version_str": "0.0.0", "description": null, "major": 0, "minor": 0, "patch": 0}, "splits": {"train": {"name": "train", "num_bytes": 614655799, "num_examples": 241241, "dataset_name": "code_x_glue_ct_code_to_text"}, "validation": {"name": "validation", "num_bytes": 33283149, "num_examples": 12982, "dataset_name": "code_x_glue_ct_code_to_text"}, "test": {"name": "test", "num_bytes": 35375097, "num_examples": 14014, "dataset_name": "code_x_glue_ct_code_to_text"}}, "download_checksums": {"https://s3.amazonaws.com/code-search-net/CodeSearchNet/v2/php.zip": {"num_bytes": 851894048, "checksum": "c3bbf0d1b10010f88b058faea876f1f5471758399e30d58c11f78ff53660ce00"}, "https://raw.githubusercontent.com/madlag/CodeXGLUE/main/Code-Text/code-to-text/dataset.zip": {"num_bytes": 12396864, "checksum": "31ec750805302ecd71b278a492d23d2ac916269f7ec645bba4f23b6f7c4bf217"}}, "download_size": 864290912, "post_processing_size": null, "dataset_size": 683314045, "size_in_bytes": 1547604957}, "python": {"description": "CodeXGLUE code-to-text dataset, available at https://github.com/microsoft/CodeXGLUE/tree/main/Code-Text/code-to-text\n\nThe dataset we use comes from CodeSearchNet and we filter the dataset as the following:\n- Remove examples that codes cannot be parsed into an abstract syntax tree.\n- Remove examples that #tokens of documents is < 3 or >256\n- Remove examples that documents contain special tokens (e.g. <img ...> or https:...)\n- Remove examples that documents are not English.\n", "citation": "@article{husain2019codesearchnet,\ntitle={Codesearchnet challenge: Evaluating the state of semantic code search},\nauthor={Husain, Hamel and Wu, Ho-Hsiang and Gazit, Tiferet and Allamanis, Miltiadis and Brockschmidt, Marc},\njournal={arXiv preprint arXiv:1909.09436},\nyear={2019}\n}", "homepage": "https://github.com/madlag/CodeXGLUE/tree/main/Code-Text/code-to-text", "license": "", "features": {"id": {"dtype": "int32", "id": null, "_type": "Value"}, "repo": {"dtype": "string", "id": null, "_type": "Value"}, "path": {"dtype": "string", "id": null, "_type": "Value"}, "func_name": {"dtype": "string", "id": null, "_type": "Value"}, "original_string": {"dtype": "string", "id": null, "_type": "Value"}, "language": {"dtype": "string", "id": null, "_type": "Value"}, "code": {"dtype": "string", "id": null, "_type": "Value"}, "code_tokens": {"feature": {"dtype": "string", "id": null, "_type": "Value"}, "length": -1, "id": null, "_type": "Sequence"}, "docstring": {"dtype": "string", "id": null, "_type": "Value"}, "docstring_tokens": {"feature": {"dtype": "string", "id": null, "_type": "Value"}, "length": -1, "id": null, "_type": "Sequence"}, "sha": {"dtype": "string", "id": null, "_type": "Value"}, "url": {"dtype": "string", "id": null, "_type": "Value"}}, "post_processed": null, "supervised_keys": {"input": "docstring", "output": "docstring_tokens"}, "task_templates": null, "builder_name": "code_x_glue_ct_code_to_text", "config_name": "python", "version": {"version_str": "0.0.0", "description": null, "major": 0, "minor": 0, "patch": 0}, "splits": {"train": {"name": "train", "num_bytes": 813664500, "num_examples": 251820, "dataset_name": "code_x_glue_ct_code_to_text"}, "validation": {"name": "validation", "num_bytes": 46888668, "num_examples": 13914, "dataset_name": "code_x_glue_ct_code_to_text"}, "test": {"name": "test", "num_bytes": 50659792, "num_examples": 14918, "dataset_name": "code_x_glue_ct_code_to_text"}}, "download_checksums": {"https://s3.amazonaws.com/code-search-net/CodeSearchNet/v2/python.zip": {"num_bytes": 940909997, "checksum": "7223c6460bebfa85697b586da91e47bc5d64790a4d60bba5917106458ab6b40e"}, "https://raw.githubusercontent.com/madlag/CodeXGLUE/main/Code-Text/code-to-text/dataset.zip": {"num_bytes": 12396864, "checksum": "31ec750805302ecd71b278a492d23d2ac916269f7ec645bba4f23b6f7c4bf217"}}, "download_size": 953306861, "post_processing_size": null, "dataset_size": 911212960, "size_in_bytes": 1864519821}, "ruby": {"description": "CodeXGLUE code-to-text dataset, available at https://github.com/microsoft/CodeXGLUE/tree/main/Code-Text/code-to-text\n\nThe dataset we use comes from CodeSearchNet and we filter the dataset as the following:\n- Remove examples that codes cannot be parsed into an abstract syntax tree.\n- Remove examples that #tokens of documents is < 3 or >256\n- Remove examples that documents contain special tokens (e.g. <img ...> or https:...)\n- Remove examples that documents are not English.\n", "citation": "@article{husain2019codesearchnet,\ntitle={Codesearchnet challenge: Evaluating the state of semantic code search},\nauthor={Husain, Hamel and Wu, Ho-Hsiang and Gazit, Tiferet and Allamanis, Miltiadis and Brockschmidt, Marc},\njournal={arXiv preprint arXiv:1909.09436},\nyear={2019}\n}", "homepage": "https://github.com/madlag/CodeXGLUE/tree/main/Code-Text/code-to-text", "license": "", "features": {"id": {"dtype": "int32", "id": null, "_type": "Value"}, "repo": {"dtype": "string", "id": null, "_type": "Value"}, "path": {"dtype": "string", "id": null, "_type": "Value"}, "func_name": {"dtype": "string", "id": null, "_type": "Value"}, "original_string": {"dtype": "string", "id": null, "_type": "Value"}, "language": {"dtype": "string", "id": null, "_type": "Value"}, "code": {"dtype": "string", "id": null, "_type": "Value"}, "code_tokens": {"feature": {"dtype": "string", "id": null, "_type": "Value"}, "length": -1, "id": null, "_type": "Sequence"}, "docstring": {"dtype": "string", "id": null, "_type": "Value"}, "docstring_tokens": {"feature": {"dtype": "string", "id": null, "_type": "Value"}, "length": -1, "id": null, "_type": "Sequence"}, "sha": {"dtype": "string", "id": null, "_type": "Value"}, "url": {"dtype": "string", "id": null, "_type": "Value"}}, "post_processed": null, "supervised_keys": {"input": "docstring", "output": "docstring_tokens"}, "task_templates": null, "builder_name": "code_x_glue_ct_code_to_text", "config_name": "ruby", "version": {"version_str": "0.0.0", "description": null, "major": 0, "minor": 0, "patch": 0}, "splits": {"train": {"name": "train", "num_bytes": 51956595, "num_examples": 24927, "dataset_name": "code_x_glue_ct_code_to_text"}, "validation": {"name": "validation", "num_bytes": 2821089, "num_examples": 1400, "dataset_name": "code_x_glue_ct_code_to_text"}, "test": {"name": "test", "num_bytes": 2671603, "num_examples": 1261, "dataset_name": "code_x_glue_ct_code_to_text"}}, "download_checksums": {"https://s3.amazonaws.com/code-search-net/CodeSearchNet/v2/ruby.zip": {"num_bytes": 111758028, "checksum": "67aee5812d0f994df745c771c7791483f2b060561495747d424e307af4b342e6"}, "https://raw.githubusercontent.com/madlag/CodeXGLUE/main/Code-Text/code-to-text/dataset.zip": {"num_bytes": 12396864, "checksum": "31ec750805302ecd71b278a492d23d2ac916269f7ec645bba4f23b6f7c4bf217"}}, "download_size": 124154892, "post_processing_size": null, "dataset_size": 57449287, "size_in_bytes": 181604179}}