{"en_to_ku": {"description": "A parallel news corpus in Turkish, Kurdish and English.\nBianet collects 3,214 Turkish articles with their sentence-aligned Kurdish or English translations from the Bianet online newspaper.\n3 languages, 3 bitexts\ntotal number of files: 6\ntotal number of tokens: 2.25M\ntotal number of sentence fragments: 0.14M\n", "citation": "Ataman, D. (2018) Bianet: A Parallel News Corpus in Turkish, Kurdish and English. In Proceedings of the LREC 2018 Workshop MLP-Moment. pp. 14-17. pdf", "homepage": "http://opus.nlpl.eu/Bianet.php", "license": "", "features": {"id": {"dtype": "string", "id": null, "_type": "Value"}, "translation": {"languages": ["en", "ku"], "id": null, "_type": "Translation"}}, "post_processed": null, "supervised_keys": null, "builder_name": "bianet", "config_name": "en_to_ku", "version": {"version_str": "1.0.0", "description": "", "major": 1, "minor": 0, "patch": 0}, "splits": {"train": {"name": "train", "num_bytes": 1800806, "num_examples": 6402, "dataset_name": "bianet"}}, "download_checksums": {"http://opus.nlpl.eu/download.php?f=Bianet/v1/moses/en-ku.txt.zip": {"num_bytes": 622420, "checksum": "04238f916be585e426318eb486ecaa00c9800bdd219bd47216bbe1cb732bcde5"}}, "download_size": 622420, "post_processing_size": null, "dataset_size": 1800806, "size_in_bytes": 2423226}, "en_to_tr": {"description": "A parallel news corpus in Turkish, Kurdish and English.\nBianet collects 3,214 Turkish articles with their sentence-aligned Kurdish or English translations from the Bianet online newspaper.\n3 languages, 3 bitexts\ntotal number of files: 6\ntotal number of tokens: 2.25M\ntotal number of sentence fragments: 0.14M\n", "citation": "Ataman, D. (2018) Bianet: A Parallel News Corpus in Turkish, Kurdish and English. In Proceedings of the LREC 2018 Workshop MLP-Moment. pp. 14-17. pdf", "homepage": "http://opus.nlpl.eu/Bianet.php", "license": "", "features": {"id": {"dtype": "string", "id": null, "_type": "Value"}, "translation": {"languages": ["en", "tr"], "id": null, "_type": "Translation"}}, "post_processed": null, "supervised_keys": null, "builder_name": "bianet", "config_name": "en_to_tr", "version": {"version_str": "1.0.0", "description": "", "major": 1, "minor": 0, "patch": 0}, "splits": {"train": {"name": "train", "num_bytes": 10231043, "num_examples": 34770, "dataset_name": "bianet"}}, "download_checksums": {"http://opus.nlpl.eu/download.php?f=Bianet/v1/moses/en-tr.txt.zip": {"num_bytes": 3544116, "checksum": "08f0857457438be03e4e6f6359cac99522fe43d99daa92d49cec0d90fa0c68d4"}}, "download_size": 3544116, "post_processing_size": null, "dataset_size": 10231043, "size_in_bytes": 13775159}, "ku_to_tr": {"description": "A parallel news corpus in Turkish, Kurdish and English.\nBianet collects 3,214 Turkish articles with their sentence-aligned Kurdish or English translations from the Bianet online newspaper.\n3 languages, 3 bitexts\ntotal number of files: 6\ntotal number of tokens: 2.25M\ntotal number of sentence fragments: 0.14M\n", "citation": "Ataman, D. (2018) Bianet: A Parallel News Corpus in Turkish, Kurdish and English. In Proceedings of the LREC 2018 Workshop MLP-Moment. pp. 14-17. pdf", "homepage": "http://opus.nlpl.eu/Bianet.php", "license": "", "features": {"id": {"dtype": "string", "id": null, "_type": "Value"}, "translation": {"languages": ["ku", "tr"], "id": null, "_type": "Translation"}}, "post_processed": null, "supervised_keys": null, "builder_name": "bianet", "config_name": "ku_to_tr", "version": {"version_str": "1.0.0", "description": "", "major": 1, "minor": 0, "patch": 0}, "splits": {"train": {"name": "train", "num_bytes": 2086550, "num_examples": 7325, "dataset_name": "bianet"}}, "download_checksums": {"http://opus.nlpl.eu/download.php?f=Bianet/v1/moses/ku-tr.txt.zip": {"num_bytes": 725227, "checksum": "daf8ecaf9af71b1466d95703ffd335a8cc28578afb82e2d305eaaa56b1e2a12a"}}, "download_size": 725227, "post_processing_size": null, "dataset_size": 2086550, "size_in_bytes": 2811777}}