{"default": {"description": "\nA collection of email messages of employees in the Enron Corporation.\n\nThere are two features:\n  - email_body: email body text.\n  - subject_line: email subject text.\n", "citation": "\n@misc{zhang2019email,\n    title={This Email Could Save Your Life: Introducing the Task of Email Subject Line Generation},\n    author={Rui Zhang and Joel Tetreault},\n    year={2019},\n    eprint={1906.03497},\n    archivePrefix={arXiv},\n    primaryClass={cs.CL}\n}\n", "homepage": "https://github.com/ryanzhumich/AESLC", "license": "", "features": {"email_body": {"dtype": "string", "id": null, "_type": "Value"}, "subject_line": {"dtype": "string", "id": null, "_type": "Value"}}, "supervised_keys": {"input": "email_body", "output": "subject_line"}, "builder_name": "aeslc", "config_name": "default", "version": {"version_str": "1.0.0", "description": null, "datasets_version_to_prepare": null, "major": 1, "minor": 0, "patch": 0}, "splits": {"test": {"name": "test", "num_bytes": 1384177, "num_examples": 1906, "dataset_name": "aeslc"}, "train": {"name": "train", "num_bytes": 11902668, "num_examples": 14436, "dataset_name": "aeslc"}, "validation": {"name": "validation", "num_bytes": 1660730, "num_examples": 1960, "dataset_name": "aeslc"}}, "download_checksums": {"https://github.com/ryanzhumich/AESLC/archive/master.zip": {"num_bytes": 11643743, "checksum": "b5ea2ffb837c5cfb9b033d62b3940a8a2330a9eb69bd2a39a9f55db6a23a40a4"}}, "download_size": 11643743, "dataset_size": 14947575, "size_in_bytes": 26591318}}
