{"plain_text": {"description": "Arabic Jordanian General Tweets (AJGT) Corpus consisted of 1,800 tweets annotated as positive and negative. Modern Standard Arabic (MSA) or Jordanian dialect.\n", "citation": "@inproceedings{alomari2017arabic,\n  title={Arabic tweets sentimental analysis using machine learning},\n  author={Alomari, Khaled Mohammad and ElSherif, Hatem M and Shaalan, Khaled},\n  booktitle={International Conference on Industrial, Engineering and Other Applications of Applied Intelligent Systems},\n  pages={602--610},\n  year={2017},\n  organization={Springer}\n}\n", "homepage": "https://github.com/komari6/Arabic-twitter-corpus-AJGT", "license": "", "features": {"text": {"dtype": "string", "id": null, "_type": "Value"}, "label": {"num_classes": 2, "names": ["Negative", "Positive"], "names_file": null, "id": null, "_type": "ClassLabel"}}, "post_processed": null, "supervised_keys": null, "task_templates": [{"task": "text-classification", "text_column": "text", "label_column": "label", "labels": ["Negative", "Positive"]}], "builder_name": "ajgt_twitter_ar", "config_name": "plain_text", "version": {"version_str": "1.0.0", "description": "", "major": 1, "minor": 0, "patch": 0}, "splits": {"train": {"name": "train", "num_bytes": 175424, "num_examples": 1800, "dataset_name": "ajgt_twitter_ar"}}, "download_checksums": {"https://raw.githubusercontent.com/komari6/Arabic-twitter-corpus-AJGT/master/AJGT.xlsx": {"num_bytes": 107395, "checksum": "966c52213872b6b8a3ced5fb7c60aee2abf47ca673c7d2c2eeb064a60bc9ed51"}}, "download_size": 107395, "post_processing_size": null, "dataset_size": 175424, "size_in_bytes": 282819}}