{"default": {"description": "A dataset of 7k conversations explicitly designed to exhibit multiple conversation modes: displaying personality, having empathy, and demonstrating knowledge.\n", "citation": "@misc{smith2020evaluating,\n    title={Can You Put it All Together: Evaluating Conversational Agents' Ability to Blend Skills},\n    author={Eric Michael Smith and Mary Williamson and Kurt Shuster and Jason Weston and Y-Lan Boureau},\n    year={2020},\n    eprint={2004.08449},\n    archivePrefix={arXiv},\n    primaryClass={cs.CL}\n}\n", "homepage": "https://parl.ai/projects/bst/", "license": "", "features": {"personas": {"feature": {"dtype": "string", "id": null, "_type": "Value"}, "length": -1, "id": null, "_type": "Sequence"}, "additional_context": {"dtype": "string", "id": null, "_type": "Value"}, "previous_utterance": {"feature": {"dtype": "string", "id": null, "_type": "Value"}, "length": -1, "id": null, "_type": "Sequence"}, "context": {"dtype": "string", "id": null, "_type": "Value"}, "free_messages": {"feature": {"dtype": "string", "id": null, "_type": "Value"}, "length": -1, "id": null, "_type": "Sequence"}, "guided_messgaes": {"feature": {"dtype": "string", "id": null, "_type": "Value"}, "length": -1, "id": null, "_type": "Sequence"}, "suggestions": {"feature": {"convai2": {"dtype": "string", "id": null, "_type": "Value"}, "empathetic_dialogues": {"dtype": "string", "id": null, "_type": "Value"}, "wizard_of_wikipedia": {"dtype": "string", "id": null, "_type": "Value"}}, "length": -1, "id": null, "_type": "Sequence"}}, "supervised_keys": null, "builder_name": "blended_skill_talk", "config_name": "default", "version": {"version_str": "1.0.0", "description": null, "datasets_version_to_prepare": null, "major": 1, "minor": 0, "patch": 0}, "splits": {"train": {"name": "train", "num_bytes": 10621560, "num_examples": 4819, "dataset_name": "blended_skill_talk"}, "validation": {"name": "validation", "num_bytes": 2238122, "num_examples": 1009, "dataset_name": "blended_skill_talk"}, "test": {"name": "test", "num_bytes": 2214985, "num_examples": 980, "dataset_name": "blended_skill_talk"}}, "download_checksums": {"http://parl.ai/downloads/blended_skill_talk/blended_skill_talk.tar.gz": {"num_bytes": 38101408, "checksum": "5fbed0068ee89e2d43b93c3ecb341e784617033efa5e8e911a219d4eda6134a6"}}, "download_size": 38101408, "dataset_size": 15074667, "size_in_bytes": 53176075}}