{"default": {"description": "caWaC is a 780-million-token web corpus of Catalan built from the .cat top-level-domain in late 2013. \n", "citation": "@inproceedings{DBLP:conf/lrec/LjubesicT14,\n  author    = {Nikola Ljubesic and\n               Antonio Toral},\n  editor    = {Nicoletta Calzolari and\n               Khalid Choukri and\n               Thierry Declerck and\n               Hrafn Loftsson and\n               Bente Maegaard and\n               Joseph Mariani and\n               Asunci{'{o}}n Moreno and\n               Jan Odijk and\n               Stelios Piperidis},\n  title     = {caWaC - {A} web corpus of Catalan and its application to language\n               modeling and machine translation},\n  booktitle = {Proceedings of the Ninth International Conference on Language Resources\n               and Evaluation, {LREC} 2014, Reykjavik, Iceland, May 26-31, 2014},\n  pages     = {1728--1732},\n  publisher = {European Language Resources Association {(ELRA)}},\n  year      = {2014},\n  url       = {http://www.lrec-conf.org/proceedings/lrec2014/summaries/841.html},\n  timestamp = {Mon, 19 Aug 2019 15:23:35 +0200},\n  biburl    = {https://dblp.org/rec/conf/lrec/LjubesicT14.bib},\n  bibsource = {dblp computer science bibliography, https://dblp.org}\n}\n", "homepage": "http://nlp.ffzg.hr/resources/corpora/cawac/", "license": "CC BY-SA 3.0", "features": {"sentence": {"dtype": "string", "id": null, "_type": "Value"}}, "post_processed": null, "supervised_keys": null, "builder_name": "cawac", "config_name": "default", "version": {"version_str": "0.0.0", "description": null, "major": 0, "minor": 0, "patch": 0}, "splits": {"train": {"name": "train", "num_bytes": 3987238444, "num_examples": 24745986, "dataset_name": "cawac"}}, "download_checksums": {"http://nlp.ffzg.hr/data/corpora/cawac.uniq.sortr.gz": {"num_bytes": 1620361999, "checksum": "581af7712663214acd437c812b65cda875a42294bcc40c8e8cadc3d9eee3b442"}}, "download_size": 1620361999, "post_processing_size": null, "dataset_size": 3987238444, "size_in_bytes": 5607600443}}