{"alt-parallel": {"description": "The ALT project aims to advance the state-of-the-art Asian natural language processing (NLP) techniques through the open collaboration for developing and using ALT. It was first conducted by NICT and UCSY as described in Ye Kyaw Thu, Win Pa Pa, Masao Utiyama, Andrew Finch and Eiichiro Sumita (2016). Then, it was developed under ASEAN IVO as described in this Web page. The process of building ALT began with sampling about 20,000 sentences from English Wikinews, and then these sentences were translated into the other languages. ALT now has 13 languages: Bengali, English, Filipino, Hindi, Bahasa Indonesia, Japanese, Khmer, Lao, Malay, Myanmar (Burmese), Thai, Vietnamese, Chinese (Simplified Chinese).\n", "citation": "@inproceedings{riza2016introduction,\n  title={Introduction of the asian language treebank},\n  author={Riza, Hammam and Purwoadi, Michael and Uliniansyah, Teduh and Ti, Aw Ai and Aljunied, Sharifah Mahani and Mai, Luong Chi and Thang, Vu Tat and Thai, Nguyen Phuong and Chea, Vichet and Sam, Sethserey and others},\n  booktitle={2016 Conference of The Oriental Chapter of International Committee for Coordination and Standardization of Speech Databases and Assessment Techniques (O-COCOSDA)},\n  pages={1--6},\n  year={2016},\n  organization={IEEE}\n}\n", "homepage": "https://www2.nict.go.jp/astrec-att/member/mutiyama/ALT/", "license": "", "features": {"SNT.URLID": {"dtype": "string", "id": null, "_type": "Value"}, "SNT.URLID.SNTID": {"dtype": "string", "id": null, "_type": "Value"}, "url": {"dtype": "string", "id": null, "_type": "Value"}, "translation": {"languages": ["bg", "en", "en_tok", "fil", "hi", "id", "ja", "khm", "lo", "ms", "my", "th", "vi", "zh"], "id": null, "_type": "Translation"}}, "post_processed": null, "supervised_keys": null, "builder_name": "alt", "config_name": "alt-parallel", "version": {"version_str": "1.0.0", "description": "", "major": 1, "minor": 0, "patch": 0}, "splits": {"train": {"name": "train", "num_bytes": 68462384, "num_examples": 18094, "dataset_name": "alt"}, "validation": {"name": "validation", "num_bytes": 3712980, "num_examples": 1004, "dataset_name": "alt"}, "test": {"name": "test", "num_bytes": 3815633, "num_examples": 1019, "dataset_name": "alt"}}, "download_checksums": {"https://www2.nict.go.jp/astrec-att/member/mutiyama/ALT/ALT-Parallel-Corpus-20191206.zip": {"num_bytes": 21105607, "checksum": "05f7b31b517d4c4e074bb7fb57277758c0e3e15d1ad9cfc5727e9bce79b07bbd"}, "https://www2.nict.go.jp/astrec-att/member/mutiyama/ALT/URL-train.txt": {"num_bytes": 161862, "checksum": "d57d680eebc9823b65c74c5de95320f17c3a5ead94bfa66a6849f3ed0cdd411a"}, "https://www2.nict.go.jp/astrec-att/member/mutiyama/ALT/URL-dev.txt": {"num_bytes": 9082, "checksum": "e3d35c2f54e204216011a2509925b359c5712c768c2b17bc74e19b8d4ec7e50d"}, "https://www2.nict.go.jp/astrec-att/member/mutiyama/ALT/URL-test.txt": {"num_bytes": 9233, "checksum": "6d67d6bf5c4e7574116355d71ef927c66aca2f7ab7267b14591ea250f24ec722"}}, "download_size": 21285784, "post_processing_size": null, "dataset_size": 75990997, "size_in_bytes": 97276781}, "alt-en": {"description": "The ALT project aims to advance the state-of-the-art Asian natural language processing (NLP) techniques through the open collaboration for developing and using ALT. It was first conducted by NICT and UCSY as described in Ye Kyaw Thu, Win Pa Pa, Masao Utiyama, Andrew Finch and Eiichiro Sumita (2016). Then, it was developed under ASEAN IVO as described in this Web page. The process of building ALT began with sampling about 20,000 sentences from English Wikinews, and then these sentences were translated into the other languages. ALT now has 13 languages: Bengali, English, Filipino, Hindi, Bahasa Indonesia, Japanese, Khmer, Lao, Malay, Myanmar (Burmese), Thai, Vietnamese, Chinese (Simplified Chinese).\n", "citation": "@inproceedings{riza2016introduction,\n  title={Introduction of the asian language treebank},\n  author={Riza, Hammam and Purwoadi, Michael and Uliniansyah, Teduh and Ti, Aw Ai and Aljunied, Sharifah Mahani and Mai, Luong Chi and Thang, Vu Tat and Thai, Nguyen Phuong and Chea, Vichet and Sam, Sethserey and others},\n  booktitle={2016 Conference of The Oriental Chapter of International Committee for Coordination and Standardization of Speech Databases and Assessment Techniques (O-COCOSDA)},\n  pages={1--6},\n  year={2016},\n  organization={IEEE}\n}\n", "homepage": "https://www2.nict.go.jp/astrec-att/member/mutiyama/ALT/", "license": "", "features": {"SNT.URLID": {"dtype": "string", "id": null, "_type": "Value"}, "SNT.URLID.SNTID": {"dtype": "string", "id": null, "_type": "Value"}, "url": {"dtype": "string", "id": null, "_type": "Value"}, "status": {"dtype": "string", "id": null, "_type": "Value"}, "value": {"dtype": "string", "id": null, "_type": "Value"}}, "post_processed": null, "supervised_keys": null, "builder_name": "alt", "config_name": "alt-en", "version": {"version_str": "1.0.0", "description": null, "major": 1, "minor": 0, "patch": 0}, "splits": {"train": {"name": "train", "num_bytes": 10075609, "num_examples": 17889, "dataset_name": "alt"}, "validation": {"name": "validation", "num_bytes": 544739, "num_examples": 988, "dataset_name": "alt"}, "test": {"name": "test", "num_bytes": 567292, "num_examples": 1017, "dataset_name": "alt"}}, "download_checksums": {"https://www2.nict.go.jp/astrec-att/member/mutiyama/ALT/English-ALT-20170107.zip": {"num_bytes": 2558878, "checksum": "c1d7dcbbf5548cfad9232c07464ff4bb0cf5fb2cd0c00af53cf5fa02a02594f0"}, "https://www2.nict.go.jp/astrec-att/member/mutiyama/ALT/URL-train.txt": {"num_bytes": 161862, "checksum": "d57d680eebc9823b65c74c5de95320f17c3a5ead94bfa66a6849f3ed0cdd411a"}, "https://www2.nict.go.jp/astrec-att/member/mutiyama/ALT/URL-dev.txt": {"num_bytes": 9082, "checksum": "e3d35c2f54e204216011a2509925b359c5712c768c2b17bc74e19b8d4ec7e50d"}, "https://www2.nict.go.jp/astrec-att/member/mutiyama/ALT/URL-test.txt": {"num_bytes": 9233, "checksum": "6d67d6bf5c4e7574116355d71ef927c66aca2f7ab7267b14591ea250f24ec722"}}, "download_size": 2739055, "post_processing_size": null, "dataset_size": 11187640, "size_in_bytes": 13926695}, "alt-jp": {"description": "The ALT project aims to advance the state-of-the-art Asian natural language processing (NLP) techniques through the open collaboration for developing and using ALT. It was first conducted by NICT and UCSY as described in Ye Kyaw Thu, Win Pa Pa, Masao Utiyama, Andrew Finch and Eiichiro Sumita (2016). Then, it was developed under ASEAN IVO as described in this Web page. The process of building ALT began with sampling about 20,000 sentences from English Wikinews, and then these sentences were translated into the other languages. ALT now has 13 languages: Bengali, English, Filipino, Hindi, Bahasa Indonesia, Japanese, Khmer, Lao, Malay, Myanmar (Burmese), Thai, Vietnamese, Chinese (Simplified Chinese).\n", "citation": "@inproceedings{riza2016introduction,\n  title={Introduction of the asian language treebank},\n  author={Riza, Hammam and Purwoadi, Michael and Uliniansyah, Teduh and Ti, Aw Ai and Aljunied, Sharifah Mahani and Mai, Luong Chi and Thang, Vu Tat and Thai, Nguyen Phuong and Chea, Vichet and Sam, Sethserey and others},\n  booktitle={2016 Conference of The Oriental Chapter of International Committee for Coordination and Standardization of Speech Databases and Assessment Techniques (O-COCOSDA)},\n  pages={1--6},\n  year={2016},\n  organization={IEEE}\n}\n", "homepage": "https://www2.nict.go.jp/astrec-att/member/mutiyama/ALT/", "license": "", "features": {"SNT.URLID": {"dtype": "string", "id": null, "_type": "Value"}, "SNT.URLID.SNTID": {"dtype": "string", "id": null, "_type": "Value"}, "url": {"dtype": "string", "id": null, "_type": "Value"}, "status": {"dtype": "string", "id": null, "_type": "Value"}, "value": {"dtype": "string", "id": null, "_type": "Value"}, "word_alignment": {"dtype": "string", "id": null, "_type": "Value"}, "jp_tokenized": {"dtype": "string", "id": null, "_type": "Value"}, "en_tokenized": {"dtype": "string", "id": null, "_type": "Value"}}, "post_processed": null, "supervised_keys": null, "builder_name": "alt", "config_name": "alt-jp", "version": {"version_str": "1.0.0", "description": null, "major": 1, "minor": 0, "patch": 0}, "splits": {"train": {"name": "train", "num_bytes": 21891867, "num_examples": 17202, "dataset_name": "alt"}, "validation": {"name": "validation", "num_bytes": 1181587, "num_examples": 953, "dataset_name": "alt"}, "test": {"name": "test", "num_bytes": 1175624, "num_examples": 931, "dataset_name": "alt"}}, "download_checksums": {"https://www2.nict.go.jp/astrec-att/member/mutiyama/ALT/Japanese-ALT-20170330.zip": {"num_bytes": 11827822, "checksum": "7749af9f337fcbf09dffffc2d5314ea5757a91ffb199aaa4f027467a3ecd805e"}, "https://www2.nict.go.jp/astrec-att/member/mutiyama/ALT/URL-train.txt": {"num_bytes": 161862, "checksum": "d57d680eebc9823b65c74c5de95320f17c3a5ead94bfa66a6849f3ed0cdd411a"}, "https://www2.nict.go.jp/astrec-att/member/mutiyama/ALT/URL-dev.txt": {"num_bytes": 9082, "checksum": "e3d35c2f54e204216011a2509925b359c5712c768c2b17bc74e19b8d4ec7e50d"}, "https://www2.nict.go.jp/astrec-att/member/mutiyama/ALT/URL-test.txt": {"num_bytes": 9233, "checksum": "6d67d6bf5c4e7574116355d71ef927c66aca2f7ab7267b14591ea250f24ec722"}}, "download_size": 12007999, "post_processing_size": null, "dataset_size": 24249078, "size_in_bytes": 36257077}, "alt-my": {"description": "The ALT project aims to advance the state-of-the-art Asian natural language processing (NLP) techniques through the open collaboration for developing and using ALT. It was first conducted by NICT and UCSY as described in Ye Kyaw Thu, Win Pa Pa, Masao Utiyama, Andrew Finch and Eiichiro Sumita (2016). Then, it was developed under ASEAN IVO as described in this Web page. The process of building ALT began with sampling about 20,000 sentences from English Wikinews, and then these sentences were translated into the other languages. ALT now has 13 languages: Bengali, English, Filipino, Hindi, Bahasa Indonesia, Japanese, Khmer, Lao, Malay, Myanmar (Burmese), Thai, Vietnamese, Chinese (Simplified Chinese).\n", "citation": "@inproceedings{riza2016introduction,\n  title={Introduction of the asian language treebank},\n  author={Riza, Hammam and Purwoadi, Michael and Uliniansyah, Teduh and Ti, Aw Ai and Aljunied, Sharifah Mahani and Mai, Luong Chi and Thang, Vu Tat and Thai, Nguyen Phuong and Chea, Vichet and Sam, Sethserey and others},\n  booktitle={2016 Conference of The Oriental Chapter of International Committee for Coordination and Standardization of Speech Databases and Assessment Techniques (O-COCOSDA)},\n  pages={1--6},\n  year={2016},\n  organization={IEEE}\n}\n", "homepage": "https://www2.nict.go.jp/astrec-att/member/mutiyama/ALT/", "license": "", "features": {"SNT.URLID": {"dtype": "string", "id": null, "_type": "Value"}, "SNT.URLID.SNTID": {"dtype": "string", "id": null, "_type": "Value"}, "url": {"dtype": "string", "id": null, "_type": "Value"}, "value": {"dtype": "string", "id": null, "_type": "Value"}}, "post_processed": null, "supervised_keys": null, "builder_name": "alt", "config_name": "alt-my", "version": {"version_str": "1.0.0", "description": null, "major": 1, "minor": 0, "patch": 0}, "splits": {"train": {"name": "train", "num_bytes": 20433275, "num_examples": 18088, "dataset_name": "alt"}, "validation": {"name": "validation", "num_bytes": 1111410, "num_examples": 1000, "dataset_name": "alt"}, "test": {"name": "test", "num_bytes": 1135209, "num_examples": 1018, "dataset_name": "alt"}}, "download_checksums": {"https://www2.nict.go.jp/astrec-att/member/mutiyama/ALT/my-alt-190530.zip": {"num_bytes": 2848125, "checksum": "d77ef18364bcb2b149503a5ed77734b07b103bd277f8ed92716555f3deedaf95"}, "https://www2.nict.go.jp/astrec-att/member/mutiyama/ALT/URL-train.txt": {"num_bytes": 161862, "checksum": "d57d680eebc9823b65c74c5de95320f17c3a5ead94bfa66a6849f3ed0cdd411a"}, "https://www2.nict.go.jp/astrec-att/member/mutiyama/ALT/URL-dev.txt": {"num_bytes": 9082, "checksum": "e3d35c2f54e204216011a2509925b359c5712c768c2b17bc74e19b8d4ec7e50d"}, "https://www2.nict.go.jp/astrec-att/member/mutiyama/ALT/URL-test.txt": {"num_bytes": 9233, "checksum": "6d67d6bf5c4e7574116355d71ef927c66aca2f7ab7267b14591ea250f24ec722"}}, "download_size": 3028302, "post_processing_size": null, "dataset_size": 22679894, "size_in_bytes": 25708196}, "alt-km": {"description": "The ALT project aims to advance the state-of-the-art Asian natural language processing (NLP) techniques through the open collaboration for developing and using ALT. It was first conducted by NICT and UCSY as described in Ye Kyaw Thu, Win Pa Pa, Masao Utiyama, Andrew Finch and Eiichiro Sumita (2016). Then, it was developed under ASEAN IVO as described in this Web page. The process of building ALT began with sampling about 20,000 sentences from English Wikinews, and then these sentences were translated into the other languages. ALT now has 13 languages: Bengali, English, Filipino, Hindi, Bahasa Indonesia, Japanese, Khmer, Lao, Malay, Myanmar (Burmese), Thai, Vietnamese, Chinese (Simplified Chinese).\n", "citation": "@inproceedings{riza2016introduction,\n  title={Introduction of the asian language treebank},\n  author={Riza, Hammam and Purwoadi, Michael and Uliniansyah, Teduh and Ti, Aw Ai and Aljunied, Sharifah Mahani and Mai, Luong Chi and Thang, Vu Tat and Thai, Nguyen Phuong and Chea, Vichet and Sam, Sethserey and others},\n  booktitle={2016 Conference of The Oriental Chapter of International Committee for Coordination and Standardization of Speech Databases and Assessment Techniques (O-COCOSDA)},\n  pages={1--6},\n  year={2016},\n  organization={IEEE}\n}\n", "homepage": "https://www2.nict.go.jp/astrec-att/member/mutiyama/ALT/", "license": "", "features": {"SNT.URLID": {"dtype": "string", "id": null, "_type": "Value"}, "SNT.URLID.SNTID": {"dtype": "string", "id": null, "_type": "Value"}, "url": {"dtype": "string", "id": null, "_type": "Value"}, "km_pos_tag": {"dtype": "string", "id": null, "_type": "Value"}, "km_tokenized": {"dtype": "string", "id": null, "_type": "Value"}}, "post_processed": null, "supervised_keys": null, "builder_name": "alt", "config_name": "alt-km", "version": {"version_str": "1.0.0", "description": null, "major": 1, "minor": 0, "patch": 0}, "splits": {"train": {"name": "train", "num_bytes": 12015411, "num_examples": 18088, "dataset_name": "alt"}, "validation": {"name": "validation", "num_bytes": 655232, "num_examples": 1000, "dataset_name": "alt"}, "test": {"name": "test", "num_bytes": 673753, "num_examples": 1018, "dataset_name": "alt"}}, "download_checksums": {"https://www2.nict.go.jp/astrec-att/member/mutiyama/ALT/km-nova-181101.zip": {"num_bytes": 2230655, "checksum": "0c6457d4a3327f3dc0b381704cbad71af120e963bfa1cdb06765fa0ed0c9098a"}, "https://www2.nict.go.jp/astrec-att/member/mutiyama/ALT/URL-train.txt": {"num_bytes": 161862, "checksum": "d57d680eebc9823b65c74c5de95320f17c3a5ead94bfa66a6849f3ed0cdd411a"}, "https://www2.nict.go.jp/astrec-att/member/mutiyama/ALT/URL-dev.txt": {"num_bytes": 9082, "checksum": "e3d35c2f54e204216011a2509925b359c5712c768c2b17bc74e19b8d4ec7e50d"}, "https://www2.nict.go.jp/astrec-att/member/mutiyama/ALT/URL-test.txt": {"num_bytes": 9233, "checksum": "6d67d6bf5c4e7574116355d71ef927c66aca2f7ab7267b14591ea250f24ec722"}}, "download_size": 2410832, "post_processing_size": null, "dataset_size": 13344396, "size_in_bytes": 15755228}, "alt-my-transliteration": {"description": "The ALT project aims to advance the state-of-the-art Asian natural language processing (NLP) techniques through the open collaboration for developing and using ALT. It was first conducted by NICT and UCSY as described in Ye Kyaw Thu, Win Pa Pa, Masao Utiyama, Andrew Finch and Eiichiro Sumita (2016). Then, it was developed under ASEAN IVO as described in this Web page. The process of building ALT began with sampling about 20,000 sentences from English Wikinews, and then these sentences were translated into the other languages. ALT now has 13 languages: Bengali, English, Filipino, Hindi, Bahasa Indonesia, Japanese, Khmer, Lao, Malay, Myanmar (Burmese), Thai, Vietnamese, Chinese (Simplified Chinese).\n", "citation": "@inproceedings{riza2016introduction,\n  title={Introduction of the asian language treebank},\n  author={Riza, Hammam and Purwoadi, Michael and Uliniansyah, Teduh and Ti, Aw Ai and Aljunied, Sharifah Mahani and Mai, Luong Chi and Thang, Vu Tat and Thai, Nguyen Phuong and Chea, Vichet and Sam, Sethserey and others},\n  booktitle={2016 Conference of The Oriental Chapter of International Committee for Coordination and Standardization of Speech Databases and Assessment Techniques (O-COCOSDA)},\n  pages={1--6},\n  year={2016},\n  organization={IEEE}\n}\n", "homepage": "https://www2.nict.go.jp/astrec-att/member/mutiyama/ALT/", "license": "", "features": {"en": {"dtype": "string", "id": null, "_type": "Value"}, "my": {"feature": {"dtype": "string", "id": null, "_type": "Value"}, "length": -1, "id": null, "_type": "Sequence"}}, "post_processed": null, "supervised_keys": null, "builder_name": "alt", "config_name": "alt-my-transliteration", "version": {"version_str": "1.0.0", "description": null, "major": 1, "minor": 0, "patch": 0}, "splits": {"train": {"name": "train", "num_bytes": 4249424, "num_examples": 84022, "dataset_name": "alt"}}, "download_checksums": {"https://www2.nict.go.jp/astrec-att/member/mutiyama/ALT/my-en-transliteration.zip": {"num_bytes": 1232127, "checksum": "5b348c0f9e92d4699fddb4c64fd7d929eb6f6de6f7ce4d879bf91e8d4a82f063"}}, "download_size": 1232127, "post_processing_size": null, "dataset_size": 4249424, "size_in_bytes": 5481551}, "alt-my-west-transliteration": {"description": "The ALT project aims to advance the state-of-the-art Asian natural language processing (NLP) techniques through the open collaboration for developing and using ALT. It was first conducted by NICT and UCSY as described in Ye Kyaw Thu, Win Pa Pa, Masao Utiyama, Andrew Finch and Eiichiro Sumita (2016). Then, it was developed under ASEAN IVO as described in this Web page. The process of building ALT began with sampling about 20,000 sentences from English Wikinews, and then these sentences were translated into the other languages. ALT now has 13 languages: Bengali, English, Filipino, Hindi, Bahasa Indonesia, Japanese, Khmer, Lao, Malay, Myanmar (Burmese), Thai, Vietnamese, Chinese (Simplified Chinese).\n", "citation": "@inproceedings{riza2016introduction,\n  title={Introduction of the asian language treebank},\n  author={Riza, Hammam and Purwoadi, Michael and Uliniansyah, Teduh and Ti, Aw Ai and Aljunied, Sharifah Mahani and Mai, Luong Chi and Thang, Vu Tat and Thai, Nguyen Phuong and Chea, Vichet and Sam, Sethserey and others},\n  booktitle={2016 Conference of The Oriental Chapter of International Committee for Coordination and Standardization of Speech Databases and Assessment Techniques (O-COCOSDA)},\n  pages={1--6},\n  year={2016},\n  organization={IEEE}\n}\n", "homepage": "https://www2.nict.go.jp/astrec-att/member/mutiyama/ALT/", "license": "", "features": {"en": {"dtype": "string", "id": null, "_type": "Value"}, "my": {"feature": {"dtype": "string", "id": null, "_type": "Value"}, "length": -1, "id": null, "_type": "Sequence"}}, "post_processed": null, "supervised_keys": null, "builder_name": "alt", "config_name": "alt-my-west-transliteration", "version": {"version_str": "1.0.0", "description": null, "major": 1, "minor": 0, "patch": 0}, "splits": {"train": {"name": "train", "num_bytes": 7412043, "num_examples": 107121, "dataset_name": "alt"}}, "download_checksums": {"https://www2.nict.go.jp/astrec-att/member/mutiyama/ALT/western-myanmar-transliteration.zip": {"num_bytes": 2830071, "checksum": "c3f1419022d823791b6d85b259a18ab11d8f8800367d7ec4319e49fc016ec396"}}, "download_size": 2830071, "post_processing_size": null, "dataset_size": 7412043, "size_in_bytes": 10242114}}