{"catalan": {"description": "This dataset contains two corpora in Spanish and Catalan that consist of annotated Twitter messages for automatic stance detection. The data was collected over 12 days during February and March of 2019 from tweets posted in Barcelona, and during September of 2018 from tweets posted in the town of Terrassa, Catalonia.\n\nEach corpus is annotated with three classes: AGAINST, FAVOR and NEUTRAL, which express the stance towards the target - independence of Catalonia.\n", "citation": "@inproceedings{zotova-etal-2020-multilingual,\n    title = \"Multilingual Stance Detection in Tweets: The {C}atalonia Independence Corpus\",\n    author = \"Zotova, Elena  and\n      Agerri, Rodrigo  and\n      Nunez, Manuel  and\n      Rigau, German\",\n    booktitle = \"Proceedings of the 12th Language Resources and Evaluation Conference\",\n    month = may,\n    year = \"2020\",\n    address = \"Marseille, France\",\n    publisher = \"European Language Resources Association\",\n    url = \"https://www.aclweb.org/anthology/2020.lrec-1.171\",\n    pages = \"1368--1375\",\n    abstract = \"Stance detection aims to determine the attitude of a given text with respect to a specific topic or claim. While stance detection has been fairly well researched in the last years, most the work has been focused on English. This is mainly due to the relative lack of annotated data in other languages. The TW-10 referendum Dataset released at IberEval 2018 is a previous effort to provide multilingual stance-annotated data in Catalan and Spanish. Unfortunately, the TW-10 Catalan subset is extremely imbalanced. This paper addresses these issues by presenting a new multilingual dataset for stance detection in Twitter for the Catalan and Spanish languages, with the aim of facilitating research on stance detection in multilingual and cross-lingual settings. The dataset is annotated with stance towards one topic, namely, the ndependence of Catalonia. We also provide a semi-automatic method to annotate the dataset based on a categorization of Twitter users. We experiment on the new corpus with a number of supervised approaches, including linear classifiers and deep learning methods. Comparison of our new corpus with the with the TW-1O dataset shows both the benefits and potential of a well balanced corpus for multilingual and cross-lingual research on stance detection. Finally, we establish new state-of-the-art results on the TW-10 dataset, both for Catalan and Spanish.\",\n    language = \"English\",\n    ISBN = \"979-10-95546-34-4\",\n}\n", "homepage": "https://github.com/ixa-ehu/catalonia-independence-corpus", "license": "CC BY-NC-SA 4.0", "features": {"id_str": {"dtype": "string", "id": null, "_type": "Value"}, "TWEET": {"dtype": "string", "id": null, "_type": "Value"}, "LABEL": {"num_classes": 3, "names": ["AGAINST", "FAVOR", "NEUTRAL"], "names_file": null, "id": null, "_type": "ClassLabel"}}, "post_processed": null, "supervised_keys": null, "builder_name": "catalonia_independence", "config_name": "catalan", "version": {"version_str": "1.1.0", "description": null, "major": 1, "minor": 1, "patch": 0}, "splits": {"train": {"name": "train", "num_bytes": 1406250, "num_examples": 6028, "dataset_name": "catalonia_independence"}, "test": {"name": "test", "num_bytes": 469204, "num_examples": 2010, "dataset_name": "catalonia_independence"}, "validation": {"name": "validation", "num_bytes": 473393, "num_examples": 2010, "dataset_name": "catalonia_independence"}}, "download_checksums": {"https://github.com/ixa-ehu/catalonia-independence-corpus/raw/master/01_CIC_CA.zip": {"num_bytes": 995415, "checksum": "c8312c4d1355e414171d166cac5ba3fa97734ebc639b02c2b6f7995cb15c75d9"}}, "download_size": 995415, "post_processing_size": null, "dataset_size": 2348847, "size_in_bytes": 3344262}, "spanish": {"description": "This dataset contains two corpora in Spanish and Catalan that consist of annotated Twitter messages for automatic stance detection. The data was collected over 12 days during February and March of 2019 from tweets posted in Barcelona, and during September of 2018 from tweets posted in the town of Terrassa, Catalonia.\n\nEach corpus is annotated with three classes: AGAINST, FAVOR and NEUTRAL, which express the stance towards the target - independence of Catalonia.\n", "citation": "@inproceedings{zotova-etal-2020-multilingual,\n    title = \"Multilingual Stance Detection in Tweets: The {C}atalonia Independence Corpus\",\n    author = \"Zotova, Elena  and\n      Agerri, Rodrigo  and\n      Nunez, Manuel  and\n      Rigau, German\",\n    booktitle = \"Proceedings of the 12th Language Resources and Evaluation Conference\",\n    month = may,\n    year = \"2020\",\n    address = \"Marseille, France\",\n    publisher = \"European Language Resources Association\",\n    url = \"https://www.aclweb.org/anthology/2020.lrec-1.171\",\n    pages = \"1368--1375\",\n    abstract = \"Stance detection aims to determine the attitude of a given text with respect to a specific topic or claim. While stance detection has been fairly well researched in the last years, most the work has been focused on English. This is mainly due to the relative lack of annotated data in other languages. The TW-10 referendum Dataset released at IberEval 2018 is a previous effort to provide multilingual stance-annotated data in Catalan and Spanish. Unfortunately, the TW-10 Catalan subset is extremely imbalanced. This paper addresses these issues by presenting a new multilingual dataset for stance detection in Twitter for the Catalan and Spanish languages, with the aim of facilitating research on stance detection in multilingual and cross-lingual settings. The dataset is annotated with stance towards one topic, namely, the ndependence of Catalonia. We also provide a semi-automatic method to annotate the dataset based on a categorization of Twitter users. We experiment on the new corpus with a number of supervised approaches, including linear classifiers and deep learning methods. Comparison of our new corpus with the with the TW-1O dataset shows both the benefits and potential of a well balanced corpus for multilingual and cross-lingual research on stance detection. Finally, we establish new state-of-the-art results on the TW-10 dataset, both for Catalan and Spanish.\",\n    language = \"English\",\n    ISBN = \"979-10-95546-34-4\",\n}\n", "homepage": "https://github.com/ixa-ehu/catalonia-independence-corpus", "license": "CC BY-NC-SA 4.0", "features": {"id_str": {"dtype": "string", "id": null, "_type": "Value"}, "TWEET": {"dtype": "string", "id": null, "_type": "Value"}, "LABEL": {"num_classes": 3, "names": ["AGAINST", "FAVOR", "NEUTRAL"], "names_file": null, "id": null, "_type": "ClassLabel"}}, "post_processed": null, "supervised_keys": null, "builder_name": "catalonia_independence", "config_name": "spanish", "version": {"version_str": "1.1.0", "description": null, "major": 1, "minor": 1, "patch": 0}, "splits": {"train": {"name": "train", "num_bytes": 1507388, "num_examples": 6046, "dataset_name": "catalonia_independence"}, "test": {"name": "test", "num_bytes": 501783, "num_examples": 2016, "dataset_name": "catalonia_independence"}, "validation": {"name": "validation", "num_bytes": 505092, "num_examples": 2015, "dataset_name": "catalonia_independence"}}, "download_checksums": {"https://github.com/ixa-ehu/catalonia-independence-corpus/raw/master/02_CIC_ES.zip": {"num_bytes": 1070281, "checksum": "eb717f7074d5a7c9ef596049bab890ca8a1bae9ac0bad12ef70dc3ae09f068ab"}}, "download_size": 1070281, "post_processing_size": null, "dataset_size": 2514263, "size_in_bytes": 3584544}}