{"aym": {"description": "AmericasNLI is an extension of XNLI (Conneau et al., 2018) \u2013 a natural language inference (NLI) dataset covering 15 high-resource languages \u2013 to 10 low-resource indigenous languages spoken in the Americas: Ashaninka, Aymara, Bribri, Guarani, Nahuatl, Otomi, Quechua, Raramuri, Shipibo-Konibo, and Wixarika. As with MNLI, the goal is to predict textual entailment (does sentence A imply/contradict/neither sentence B) and is a classification task (given two sentences, predict one of three labels).\n", "citation": "\n@article{DBLP:journals/corr/abs-2104-08726,\n  author    = {Abteen Ebrahimi and\n               Manuel Mager and\n               Arturo Oncevay and\n               Vishrav Chaudhary and\n               Luis Chiruzzo and\n               Angela Fan and\n               John Ortega and\n               Ricardo Ramos and\n               Annette Rios and\n               Ivan Vladimir and\n               Gustavo A. Gim{'{e}}nez{-}Lugo and\n               Elisabeth Mager and\n               Graham Neubig and\n               Alexis Palmer and\n               Rolando A. Coto Solano and\n               Ngoc Thang Vu and\n               Katharina Kann},\n  title     = {AmericasNLI: Evaluating Zero-shot Natural Language Understanding of\n               Pretrained Multilingual Models in Truly Low-resource Languages},\n  journal   = {CoRR},\n  volume    = {abs/2104.08726},\n  year      = {2021},\n  url       = {https://arxiv.org/abs/2104.08726},\n  eprinttype = {arXiv},\n  eprint    = {2104.08726},\n  timestamp = {Mon, 26 Apr 2021 17:25:10 +0200},\n  biburl    = {https://dblp.org/rec/journals/corr/abs-2104-08726.bib},\n  bibsource = {dblp computer science bibliography, https://dblp.org}\n}\n", "homepage": "TODO", "license": "", "features": {"premise": {"dtype": "string", "id": null, "_type": "Value"}, "hypothesis": {"dtype": "string", "id": null, "_type": "Value"}, "label": {"num_classes": 3, "names": ["entailment", "neutral", "contradiction"], "names_file": null, "id": null, "_type": "ClassLabel"}}, "post_processed": null, "supervised_keys": null, "task_templates": null, "builder_name": "americas_nli", "config_name": "aym", "version": {"version_str": "1.0.0", "description": "", "major": 1, "minor": 0, "patch": 0}, "splits": {"validation": {"name": "validation", "num_bytes": 117538, "num_examples": 743, "dataset_name": "americas_nli"}, "test": {"name": "test", "num_bytes": 115259, "num_examples": 750, "dataset_name": "americas_nli"}}, "download_checksums": {"https://raw.githubusercontent.com/nala-cub/AmericasNLI/main/dev.tsv": {"num_bytes": 1090405, "checksum": "a2678f2820a2008547c5d993118979cc82a25d51a73570571566a1b74d8e8530"}, "https://raw.githubusercontent.com/nala-cub/AmericasNLI/main/test.tsv": {"num_bytes": 1165688, "checksum": "1e16c058de33ddaab4a037b1078a31ecab08afddfdc840140593b6da1439bcf8"}}, "download_size": 2256093, "post_processing_size": null, "dataset_size": 232797, "size_in_bytes": 2488890}, "bzd": {"description": "AmericasNLI is an extension of XNLI (Conneau et al., 2018) \u2013 a natural language inference (NLI) dataset covering 15 high-resource languages \u2013 to 10 low-resource indigenous languages spoken in the Americas: Ashaninka, Aymara, Bribri, Guarani, Nahuatl, Otomi, Quechua, Raramuri, Shipibo-Konibo, and Wixarika. As with MNLI, the goal is to predict textual entailment (does sentence A imply/contradict/neither sentence B) and is a classification task (given two sentences, predict one of three labels).\n", "citation": "\n@article{DBLP:journals/corr/abs-2104-08726,\n  author    = {Abteen Ebrahimi and\n               Manuel Mager and\n               Arturo Oncevay and\n               Vishrav Chaudhary and\n               Luis Chiruzzo and\n               Angela Fan and\n               John Ortega and\n               Ricardo Ramos and\n               Annette Rios and\n               Ivan Vladimir and\n               Gustavo A. Gim{'{e}}nez{-}Lugo and\n               Elisabeth Mager and\n               Graham Neubig and\n               Alexis Palmer and\n               Rolando A. Coto Solano and\n               Ngoc Thang Vu and\n               Katharina Kann},\n  title     = {AmericasNLI: Evaluating Zero-shot Natural Language Understanding of\n               Pretrained Multilingual Models in Truly Low-resource Languages},\n  journal   = {CoRR},\n  volume    = {abs/2104.08726},\n  year      = {2021},\n  url       = {https://arxiv.org/abs/2104.08726},\n  eprinttype = {arXiv},\n  eprint    = {2104.08726},\n  timestamp = {Mon, 26 Apr 2021 17:25:10 +0200},\n  biburl    = {https://dblp.org/rec/journals/corr/abs-2104-08726.bib},\n  bibsource = {dblp computer science bibliography, https://dblp.org}\n}\n", "homepage": "TODO", "license": "", "features": {"premise": {"dtype": "string", "id": null, "_type": "Value"}, "hypothesis": {"dtype": "string", "id": null, "_type": "Value"}, "label": {"num_classes": 3, "names": ["entailment", "neutral", "contradiction"], "names_file": null, "id": null, "_type": "ClassLabel"}}, "post_processed": null, "supervised_keys": null, "task_templates": null, "builder_name": "americas_nli", "config_name": "bzd", "version": {"version_str": "1.0.0", "description": "", "major": 1, "minor": 0, "patch": 0}, "splits": {"validation": {"name": "validation", "num_bytes": 143362, "num_examples": 743, "dataset_name": "americas_nli"}, "test": {"name": "test", "num_bytes": 127684, "num_examples": 750, "dataset_name": "americas_nli"}}, "download_checksums": {"https://raw.githubusercontent.com/nala-cub/AmericasNLI/main/dev.tsv": {"num_bytes": 1090405, "checksum": "a2678f2820a2008547c5d993118979cc82a25d51a73570571566a1b74d8e8530"}, "https://raw.githubusercontent.com/nala-cub/AmericasNLI/main/test.tsv": {"num_bytes": 1165688, "checksum": "1e16c058de33ddaab4a037b1078a31ecab08afddfdc840140593b6da1439bcf8"}}, "download_size": 2256093, "post_processing_size": null, "dataset_size": 271046, "size_in_bytes": 2527139}, "cni": {"description": "AmericasNLI is an extension of XNLI (Conneau et al., 2018) \u2013 a natural language inference (NLI) dataset covering 15 high-resource languages \u2013 to 10 low-resource indigenous languages spoken in the Americas: Ashaninka, Aymara, Bribri, Guarani, Nahuatl, Otomi, Quechua, Raramuri, Shipibo-Konibo, and Wixarika. As with MNLI, the goal is to predict textual entailment (does sentence A imply/contradict/neither sentence B) and is a classification task (given two sentences, predict one of three labels).\n", "citation": "\n@article{DBLP:journals/corr/abs-2104-08726,\n  author    = {Abteen Ebrahimi and\n               Manuel Mager and\n               Arturo Oncevay and\n               Vishrav Chaudhary and\n               Luis Chiruzzo and\n               Angela Fan and\n               John Ortega and\n               Ricardo Ramos and\n               Annette Rios and\n               Ivan Vladimir and\n               Gustavo A. Gim{'{e}}nez{-}Lugo and\n               Elisabeth Mager and\n               Graham Neubig and\n               Alexis Palmer and\n               Rolando A. Coto Solano and\n               Ngoc Thang Vu and\n               Katharina Kann},\n  title     = {AmericasNLI: Evaluating Zero-shot Natural Language Understanding of\n               Pretrained Multilingual Models in Truly Low-resource Languages},\n  journal   = {CoRR},\n  volume    = {abs/2104.08726},\n  year      = {2021},\n  url       = {https://arxiv.org/abs/2104.08726},\n  eprinttype = {arXiv},\n  eprint    = {2104.08726},\n  timestamp = {Mon, 26 Apr 2021 17:25:10 +0200},\n  biburl    = {https://dblp.org/rec/journals/corr/abs-2104-08726.bib},\n  bibsource = {dblp computer science bibliography, https://dblp.org}\n}\n", "homepage": "TODO", "license": "", "features": {"premise": {"dtype": "string", "id": null, "_type": "Value"}, "hypothesis": {"dtype": "string", "id": null, "_type": "Value"}, "label": {"num_classes": 3, "names": ["entailment", "neutral", "contradiction"], "names_file": null, "id": null, "_type": "ClassLabel"}}, "post_processed": null, "supervised_keys": null, "task_templates": null, "builder_name": "americas_nli", "config_name": "cni", "version": {"version_str": "1.0.0", "description": "", "major": 1, "minor": 0, "patch": 0}, "splits": {"validation": {"name": "validation", "num_bytes": 113264, "num_examples": 658, "dataset_name": "americas_nli"}, "test": {"name": "test", "num_bytes": 116292, "num_examples": 750, "dataset_name": "americas_nli"}}, "download_checksums": {"https://raw.githubusercontent.com/nala-cub/AmericasNLI/main/dev.tsv": {"num_bytes": 1090405, "checksum": "a2678f2820a2008547c5d993118979cc82a25d51a73570571566a1b74d8e8530"}, "https://raw.githubusercontent.com/nala-cub/AmericasNLI/main/test.tsv": {"num_bytes": 1165688, "checksum": "1e16c058de33ddaab4a037b1078a31ecab08afddfdc840140593b6da1439bcf8"}}, "download_size": 2256093, "post_processing_size": null, "dataset_size": 229556, "size_in_bytes": 2485649}, "gn": {"description": "AmericasNLI is an extension of XNLI (Conneau et al., 2018) \u2013 a natural language inference (NLI) dataset covering 15 high-resource languages \u2013 to 10 low-resource indigenous languages spoken in the Americas: Ashaninka, Aymara, Bribri, Guarani, Nahuatl, Otomi, Quechua, Raramuri, Shipibo-Konibo, and Wixarika. As with MNLI, the goal is to predict textual entailment (does sentence A imply/contradict/neither sentence B) and is a classification task (given two sentences, predict one of three labels).\n", "citation": "\n@article{DBLP:journals/corr/abs-2104-08726,\n  author    = {Abteen Ebrahimi and\n               Manuel Mager and\n               Arturo Oncevay and\n               Vishrav Chaudhary and\n               Luis Chiruzzo and\n               Angela Fan and\n               John Ortega and\n               Ricardo Ramos and\n               Annette Rios and\n               Ivan Vladimir and\n               Gustavo A. Gim{'{e}}nez{-}Lugo and\n               Elisabeth Mager and\n               Graham Neubig and\n               Alexis Palmer and\n               Rolando A. Coto Solano and\n               Ngoc Thang Vu and\n               Katharina Kann},\n  title     = {AmericasNLI: Evaluating Zero-shot Natural Language Understanding of\n               Pretrained Multilingual Models in Truly Low-resource Languages},\n  journal   = {CoRR},\n  volume    = {abs/2104.08726},\n  year      = {2021},\n  url       = {https://arxiv.org/abs/2104.08726},\n  eprinttype = {arXiv},\n  eprint    = {2104.08726},\n  timestamp = {Mon, 26 Apr 2021 17:25:10 +0200},\n  biburl    = {https://dblp.org/rec/journals/corr/abs-2104-08726.bib},\n  bibsource = {dblp computer science bibliography, https://dblp.org}\n}\n", "homepage": "TODO", "license": "", "features": {"premise": {"dtype": "string", "id": null, "_type": "Value"}, "hypothesis": {"dtype": "string", "id": null, "_type": "Value"}, "label": {"num_classes": 3, "names": ["entailment", "neutral", "contradiction"], "names_file": null, "id": null, "_type": "ClassLabel"}}, "post_processed": null, "supervised_keys": null, "task_templates": null, "builder_name": "americas_nli", "config_name": "gn", "version": {"version_str": "1.0.0", "description": "", "major": 1, "minor": 0, "patch": 0}, "splits": {"validation": {"name": "validation", "num_bytes": 115143, "num_examples": 743, "dataset_name": "americas_nli"}, "test": {"name": "test", "num_bytes": 101956, "num_examples": 750, "dataset_name": "americas_nli"}}, "download_checksums": {"https://raw.githubusercontent.com/nala-cub/AmericasNLI/main/dev.tsv": {"num_bytes": 1090405, "checksum": "a2678f2820a2008547c5d993118979cc82a25d51a73570571566a1b74d8e8530"}, "https://raw.githubusercontent.com/nala-cub/AmericasNLI/main/test.tsv": {"num_bytes": 1165688, "checksum": "1e16c058de33ddaab4a037b1078a31ecab08afddfdc840140593b6da1439bcf8"}}, "download_size": 2256093, "post_processing_size": null, "dataset_size": 217099, "size_in_bytes": 2473192}, "hch": {"description": "AmericasNLI is an extension of XNLI (Conneau et al., 2018) \u2013 a natural language inference (NLI) dataset covering 15 high-resource languages \u2013 to 10 low-resource indigenous languages spoken in the Americas: Ashaninka, Aymara, Bribri, Guarani, Nahuatl, Otomi, Quechua, Raramuri, Shipibo-Konibo, and Wixarika. As with MNLI, the goal is to predict textual entailment (does sentence A imply/contradict/neither sentence B) and is a classification task (given two sentences, predict one of three labels).\n", "citation": "\n@article{DBLP:journals/corr/abs-2104-08726,\n  author    = {Abteen Ebrahimi and\n               Manuel Mager and\n               Arturo Oncevay and\n               Vishrav Chaudhary and\n               Luis Chiruzzo and\n               Angela Fan and\n               John Ortega and\n               Ricardo Ramos and\n               Annette Rios and\n               Ivan Vladimir and\n               Gustavo A. Gim{'{e}}nez{-}Lugo and\n               Elisabeth Mager and\n               Graham Neubig and\n               Alexis Palmer and\n               Rolando A. Coto Solano and\n               Ngoc Thang Vu and\n               Katharina Kann},\n  title     = {AmericasNLI: Evaluating Zero-shot Natural Language Understanding of\n               Pretrained Multilingual Models in Truly Low-resource Languages},\n  journal   = {CoRR},\n  volume    = {abs/2104.08726},\n  year      = {2021},\n  url       = {https://arxiv.org/abs/2104.08726},\n  eprinttype = {arXiv},\n  eprint    = {2104.08726},\n  timestamp = {Mon, 26 Apr 2021 17:25:10 +0200},\n  biburl    = {https://dblp.org/rec/journals/corr/abs-2104-08726.bib},\n  bibsource = {dblp computer science bibliography, https://dblp.org}\n}\n", "homepage": "TODO", "license": "", "features": {"premise": {"dtype": "string", "id": null, "_type": "Value"}, "hypothesis": {"dtype": "string", "id": null, "_type": "Value"}, "label": {"num_classes": 3, "names": ["entailment", "neutral", "contradiction"], "names_file": null, "id": null, "_type": "ClassLabel"}}, "post_processed": null, "supervised_keys": null, "task_templates": null, "builder_name": "americas_nli", "config_name": "hch", "version": {"version_str": "1.0.0", "description": "", "major": 1, "minor": 0, "patch": 0}, "splits": {"validation": {"name": "validation", "num_bytes": 127974, "num_examples": 743, "dataset_name": "americas_nli"}, "test": {"name": "test", "num_bytes": 120865, "num_examples": 750, "dataset_name": "americas_nli"}}, "download_checksums": {"https://raw.githubusercontent.com/nala-cub/AmericasNLI/main/dev.tsv": {"num_bytes": 1090405, "checksum": "a2678f2820a2008547c5d993118979cc82a25d51a73570571566a1b74d8e8530"}, "https://raw.githubusercontent.com/nala-cub/AmericasNLI/main/test.tsv": {"num_bytes": 1165688, "checksum": "1e16c058de33ddaab4a037b1078a31ecab08afddfdc840140593b6da1439bcf8"}}, "download_size": 2256093, "post_processing_size": null, "dataset_size": 248839, "size_in_bytes": 2504932}, "nah": {"description": "AmericasNLI is an extension of XNLI (Conneau et al., 2018) \u2013 a natural language inference (NLI) dataset covering 15 high-resource languages \u2013 to 10 low-resource indigenous languages spoken in the Americas: Ashaninka, Aymara, Bribri, Guarani, Nahuatl, Otomi, Quechua, Raramuri, Shipibo-Konibo, and Wixarika. As with MNLI, the goal is to predict textual entailment (does sentence A imply/contradict/neither sentence B) and is a classification task (given two sentences, predict one of three labels).\n", "citation": "\n@article{DBLP:journals/corr/abs-2104-08726,\n  author    = {Abteen Ebrahimi and\n               Manuel Mager and\n               Arturo Oncevay and\n               Vishrav Chaudhary and\n               Luis Chiruzzo and\n               Angela Fan and\n               John Ortega and\n               Ricardo Ramos and\n               Annette Rios and\n               Ivan Vladimir and\n               Gustavo A. Gim{'{e}}nez{-}Lugo and\n               Elisabeth Mager and\n               Graham Neubig and\n               Alexis Palmer and\n               Rolando A. Coto Solano and\n               Ngoc Thang Vu and\n               Katharina Kann},\n  title     = {AmericasNLI: Evaluating Zero-shot Natural Language Understanding of\n               Pretrained Multilingual Models in Truly Low-resource Languages},\n  journal   = {CoRR},\n  volume    = {abs/2104.08726},\n  year      = {2021},\n  url       = {https://arxiv.org/abs/2104.08726},\n  eprinttype = {arXiv},\n  eprint    = {2104.08726},\n  timestamp = {Mon, 26 Apr 2021 17:25:10 +0200},\n  biburl    = {https://dblp.org/rec/journals/corr/abs-2104-08726.bib},\n  bibsource = {dblp computer science bibliography, https://dblp.org}\n}\n", "homepage": "TODO", "license": "", "features": {"premise": {"dtype": "string", "id": null, "_type": "Value"}, "hypothesis": {"dtype": "string", "id": null, "_type": "Value"}, "label": {"num_classes": 3, "names": ["entailment", "neutral", "contradiction"], "names_file": null, "id": null, "_type": "ClassLabel"}}, "post_processed": null, "supervised_keys": null, "task_templates": null, "builder_name": "americas_nli", "config_name": "nah", "version": {"version_str": "1.0.0", "description": "", "major": 1, "minor": 0, "patch": 0}, "splits": {"validation": {"name": "validation", "num_bytes": 50749, "num_examples": 376, "dataset_name": "americas_nli"}, "test": {"name": "test", "num_bytes": 102961, "num_examples": 738, "dataset_name": "americas_nli"}}, "download_checksums": {"https://raw.githubusercontent.com/nala-cub/AmericasNLI/main/dev.tsv": {"num_bytes": 1090405, "checksum": "a2678f2820a2008547c5d993118979cc82a25d51a73570571566a1b74d8e8530"}, "https://raw.githubusercontent.com/nala-cub/AmericasNLI/main/test.tsv": {"num_bytes": 1165688, "checksum": "1e16c058de33ddaab4a037b1078a31ecab08afddfdc840140593b6da1439bcf8"}}, "download_size": 2256093, "post_processing_size": null, "dataset_size": 153710, "size_in_bytes": 2409803}, "oto": {"description": "AmericasNLI is an extension of XNLI (Conneau et al., 2018) \u2013 a natural language inference (NLI) dataset covering 15 high-resource languages \u2013 to 10 low-resource indigenous languages spoken in the Americas: Ashaninka, Aymara, Bribri, Guarani, Nahuatl, Otomi, Quechua, Raramuri, Shipibo-Konibo, and Wixarika. As with MNLI, the goal is to predict textual entailment (does sentence A imply/contradict/neither sentence B) and is a classification task (given two sentences, predict one of three labels).\n", "citation": "\n@article{DBLP:journals/corr/abs-2104-08726,\n  author    = {Abteen Ebrahimi and\n               Manuel Mager and\n               Arturo Oncevay and\n               Vishrav Chaudhary and\n               Luis Chiruzzo and\n               Angela Fan and\n               John Ortega and\n               Ricardo Ramos and\n               Annette Rios and\n               Ivan Vladimir and\n               Gustavo A. Gim{'{e}}nez{-}Lugo and\n               Elisabeth Mager and\n               Graham Neubig and\n               Alexis Palmer and\n               Rolando A. Coto Solano and\n               Ngoc Thang Vu and\n               Katharina Kann},\n  title     = {AmericasNLI: Evaluating Zero-shot Natural Language Understanding of\n               Pretrained Multilingual Models in Truly Low-resource Languages},\n  journal   = {CoRR},\n  volume    = {abs/2104.08726},\n  year      = {2021},\n  url       = {https://arxiv.org/abs/2104.08726},\n  eprinttype = {arXiv},\n  eprint    = {2104.08726},\n  timestamp = {Mon, 26 Apr 2021 17:25:10 +0200},\n  biburl    = {https://dblp.org/rec/journals/corr/abs-2104-08726.bib},\n  bibsource = {dblp computer science bibliography, https://dblp.org}\n}\n", "homepage": "TODO", "license": "", "features": {"premise": {"dtype": "string", "id": null, "_type": "Value"}, "hypothesis": {"dtype": "string", "id": null, "_type": "Value"}, "label": {"num_classes": 3, "names": ["entailment", "neutral", "contradiction"], "names_file": null, "id": null, "_type": "ClassLabel"}}, "post_processed": null, "supervised_keys": null, "task_templates": null, "builder_name": "americas_nli", "config_name": "oto", "version": {"version_str": "1.0.0", "description": "", "major": 1, "minor": 0, "patch": 0}, "splits": {"validation": {"name": "validation", "num_bytes": 27018, "num_examples": 222, "dataset_name": "americas_nli"}, "test": {"name": "test", "num_bytes": 119658, "num_examples": 748, "dataset_name": "americas_nli"}}, "download_checksums": {"https://raw.githubusercontent.com/nala-cub/AmericasNLI/main/dev.tsv": {"num_bytes": 1090405, "checksum": "a2678f2820a2008547c5d993118979cc82a25d51a73570571566a1b74d8e8530"}, "https://raw.githubusercontent.com/nala-cub/AmericasNLI/main/test.tsv": {"num_bytes": 1165688, "checksum": "1e16c058de33ddaab4a037b1078a31ecab08afddfdc840140593b6da1439bcf8"}}, "download_size": 2256093, "post_processing_size": null, "dataset_size": 146676, "size_in_bytes": 2402769}, "quy": {"description": "AmericasNLI is an extension of XNLI (Conneau et al., 2018) \u2013 a natural language inference (NLI) dataset covering 15 high-resource languages \u2013 to 10 low-resource indigenous languages spoken in the Americas: Ashaninka, Aymara, Bribri, Guarani, Nahuatl, Otomi, Quechua, Raramuri, Shipibo-Konibo, and Wixarika. As with MNLI, the goal is to predict textual entailment (does sentence A imply/contradict/neither sentence B) and is a classification task (given two sentences, predict one of three labels).\n", "citation": "\n@article{DBLP:journals/corr/abs-2104-08726,\n  author    = {Abteen Ebrahimi and\n               Manuel Mager and\n               Arturo Oncevay and\n               Vishrav Chaudhary and\n               Luis Chiruzzo and\n               Angela Fan and\n               John Ortega and\n               Ricardo Ramos and\n               Annette Rios and\n               Ivan Vladimir and\n               Gustavo A. Gim{'{e}}nez{-}Lugo and\n               Elisabeth Mager and\n               Graham Neubig and\n               Alexis Palmer and\n               Rolando A. Coto Solano and\n               Ngoc Thang Vu and\n               Katharina Kann},\n  title     = {AmericasNLI: Evaluating Zero-shot Natural Language Understanding of\n               Pretrained Multilingual Models in Truly Low-resource Languages},\n  journal   = {CoRR},\n  volume    = {abs/2104.08726},\n  year      = {2021},\n  url       = {https://arxiv.org/abs/2104.08726},\n  eprinttype = {arXiv},\n  eprint    = {2104.08726},\n  timestamp = {Mon, 26 Apr 2021 17:25:10 +0200},\n  biburl    = {https://dblp.org/rec/journals/corr/abs-2104-08726.bib},\n  bibsource = {dblp computer science bibliography, https://dblp.org}\n}\n", "homepage": "TODO", "license": "", "features": {"premise": {"dtype": "string", "id": null, "_type": "Value"}, "hypothesis": {"dtype": "string", "id": null, "_type": "Value"}, "label": {"num_classes": 3, "names": ["entailment", "neutral", "contradiction"], "names_file": null, "id": null, "_type": "ClassLabel"}}, "post_processed": null, "supervised_keys": null, "task_templates": null, "builder_name": "americas_nli", "config_name": "quy", "version": {"version_str": "1.0.0", "description": "", "major": 1, "minor": 0, "patch": 0}, "splits": {"validation": {"name": "validation", "num_bytes": 125644, "num_examples": 743, "dataset_name": "americas_nli"}, "test": {"name": "test", "num_bytes": 112758, "num_examples": 750, "dataset_name": "americas_nli"}}, "download_checksums": {"https://raw.githubusercontent.com/nala-cub/AmericasNLI/main/dev.tsv": {"num_bytes": 1090405, "checksum": "a2678f2820a2008547c5d993118979cc82a25d51a73570571566a1b74d8e8530"}, "https://raw.githubusercontent.com/nala-cub/AmericasNLI/main/test.tsv": {"num_bytes": 1165688, "checksum": "1e16c058de33ddaab4a037b1078a31ecab08afddfdc840140593b6da1439bcf8"}}, "download_size": 2256093, "post_processing_size": null, "dataset_size": 238402, "size_in_bytes": 2494495}, "shp": {"description": "AmericasNLI is an extension of XNLI (Conneau et al., 2018) \u2013 a natural language inference (NLI) dataset covering 15 high-resource languages \u2013 to 10 low-resource indigenous languages spoken in the Americas: Ashaninka, Aymara, Bribri, Guarani, Nahuatl, Otomi, Quechua, Raramuri, Shipibo-Konibo, and Wixarika. As with MNLI, the goal is to predict textual entailment (does sentence A imply/contradict/neither sentence B) and is a classification task (given two sentences, predict one of three labels).\n", "citation": "\n@article{DBLP:journals/corr/abs-2104-08726,\n  author    = {Abteen Ebrahimi and\n               Manuel Mager and\n               Arturo Oncevay and\n               Vishrav Chaudhary and\n               Luis Chiruzzo and\n               Angela Fan and\n               John Ortega and\n               Ricardo Ramos and\n               Annette Rios and\n               Ivan Vladimir and\n               Gustavo A. Gim{'{e}}nez{-}Lugo and\n               Elisabeth Mager and\n               Graham Neubig and\n               Alexis Palmer and\n               Rolando A. Coto Solano and\n               Ngoc Thang Vu and\n               Katharina Kann},\n  title     = {AmericasNLI: Evaluating Zero-shot Natural Language Understanding of\n               Pretrained Multilingual Models in Truly Low-resource Languages},\n  journal   = {CoRR},\n  volume    = {abs/2104.08726},\n  year      = {2021},\n  url       = {https://arxiv.org/abs/2104.08726},\n  eprinttype = {arXiv},\n  eprint    = {2104.08726},\n  timestamp = {Mon, 26 Apr 2021 17:25:10 +0200},\n  biburl    = {https://dblp.org/rec/journals/corr/abs-2104-08726.bib},\n  bibsource = {dblp computer science bibliography, https://dblp.org}\n}\n", "homepage": "TODO", "license": "", "features": {"premise": {"dtype": "string", "id": null, "_type": "Value"}, "hypothesis": {"dtype": "string", "id": null, "_type": "Value"}, "label": {"num_classes": 3, "names": ["entailment", "neutral", "contradiction"], "names_file": null, "id": null, "_type": "ClassLabel"}}, "post_processed": null, "supervised_keys": null, "task_templates": null, "builder_name": "americas_nli", "config_name": "shp", "version": {"version_str": "1.0.0", "description": "", "major": 1, "minor": 0, "patch": 0}, "splits": {"validation": {"name": "validation", "num_bytes": 124508, "num_examples": 743, "dataset_name": "americas_nli"}, "test": {"name": "test", "num_bytes": 118942, "num_examples": 750, "dataset_name": "americas_nli"}}, "download_checksums": {"https://raw.githubusercontent.com/nala-cub/AmericasNLI/main/dev.tsv": {"num_bytes": 1090405, "checksum": "a2678f2820a2008547c5d993118979cc82a25d51a73570571566a1b74d8e8530"}, "https://raw.githubusercontent.com/nala-cub/AmericasNLI/main/test.tsv": {"num_bytes": 1165688, "checksum": "1e16c058de33ddaab4a037b1078a31ecab08afddfdc840140593b6da1439bcf8"}}, "download_size": 2256093, "post_processing_size": null, "dataset_size": 243450, "size_in_bytes": 2499543}, "tar": {"description": "AmericasNLI is an extension of XNLI (Conneau et al., 2018) \u2013 a natural language inference (NLI) dataset covering 15 high-resource languages \u2013 to 10 low-resource indigenous languages spoken in the Americas: Ashaninka, Aymara, Bribri, Guarani, Nahuatl, Otomi, Quechua, Raramuri, Shipibo-Konibo, and Wixarika. As with MNLI, the goal is to predict textual entailment (does sentence A imply/contradict/neither sentence B) and is a classification task (given two sentences, predict one of three labels).\n", "citation": "\n@article{DBLP:journals/corr/abs-2104-08726,\n  author    = {Abteen Ebrahimi and\n               Manuel Mager and\n               Arturo Oncevay and\n               Vishrav Chaudhary and\n               Luis Chiruzzo and\n               Angela Fan and\n               John Ortega and\n               Ricardo Ramos and\n               Annette Rios and\n               Ivan Vladimir and\n               Gustavo A. Gim{'{e}}nez{-}Lugo and\n               Elisabeth Mager and\n               Graham Neubig and\n               Alexis Palmer and\n               Rolando A. Coto Solano and\n               Ngoc Thang Vu and\n               Katharina Kann},\n  title     = {AmericasNLI: Evaluating Zero-shot Natural Language Understanding of\n               Pretrained Multilingual Models in Truly Low-resource Languages},\n  journal   = {CoRR},\n  volume    = {abs/2104.08726},\n  year      = {2021},\n  url       = {https://arxiv.org/abs/2104.08726},\n  eprinttype = {arXiv},\n  eprint    = {2104.08726},\n  timestamp = {Mon, 26 Apr 2021 17:25:10 +0200},\n  biburl    = {https://dblp.org/rec/journals/corr/abs-2104-08726.bib},\n  bibsource = {dblp computer science bibliography, https://dblp.org}\n}\n", "homepage": "TODO", "license": "", "features": {"premise": {"dtype": "string", "id": null, "_type": "Value"}, "hypothesis": {"dtype": "string", "id": null, "_type": "Value"}, "label": {"num_classes": 3, "names": ["entailment", "neutral", "contradiction"], "names_file": null, "id": null, "_type": "ClassLabel"}}, "post_processed": null, "supervised_keys": null, "task_templates": null, "builder_name": "americas_nli", "config_name": "tar", "version": {"version_str": "1.0.0", "description": "", "major": 1, "minor": 0, "patch": 0}, "splits": {"validation": {"name": "validation", "num_bytes": 139504, "num_examples": 743, "dataset_name": "americas_nli"}, "test": {"name": "test", "num_bytes": 122632, "num_examples": 750, "dataset_name": "americas_nli"}}, "download_checksums": {"https://raw.githubusercontent.com/nala-cub/AmericasNLI/main/dev.tsv": {"num_bytes": 1090405, "checksum": "a2678f2820a2008547c5d993118979cc82a25d51a73570571566a1b74d8e8530"}, "https://raw.githubusercontent.com/nala-cub/AmericasNLI/main/test.tsv": {"num_bytes": 1165688, "checksum": "1e16c058de33ddaab4a037b1078a31ecab08afddfdc840140593b6da1439bcf8"}}, "download_size": 2256093, "post_processing_size": null, "dataset_size": 262136, "size_in_bytes": 2518229}, "all_languages": {"description": "AmericasNLI is an extension of XNLI (Conneau et al., 2018) \u2013 a natural language inference (NLI) dataset covering 15 high-resource languages \u2013 to 10 low-resource indigenous languages spoken in the Americas: Ashaninka, Aymara, Bribri, Guarani, Nahuatl, Otomi, Quechua, Raramuri, Shipibo-Konibo, and Wixarika. As with MNLI, the goal is to predict textual entailment (does sentence A imply/contradict/neither sentence B) and is a classification task (given two sentences, predict one of three labels).\n", "citation": "\n@article{DBLP:journals/corr/abs-2104-08726,\n  author    = {Abteen Ebrahimi and\n               Manuel Mager and\n               Arturo Oncevay and\n               Vishrav Chaudhary and\n               Luis Chiruzzo and\n               Angela Fan and\n               John Ortega and\n               Ricardo Ramos and\n               Annette Rios and\n               Ivan Vladimir and\n               Gustavo A. Gim{'{e}}nez{-}Lugo and\n               Elisabeth Mager and\n               Graham Neubig and\n               Alexis Palmer and\n               Rolando A. Coto Solano and\n               Ngoc Thang Vu and\n               Katharina Kann},\n  title     = {AmericasNLI: Evaluating Zero-shot Natural Language Understanding of\n               Pretrained Multilingual Models in Truly Low-resource Languages},\n  journal   = {CoRR},\n  volume    = {abs/2104.08726},\n  year      = {2021},\n  url       = {https://arxiv.org/abs/2104.08726},\n  eprinttype = {arXiv},\n  eprint    = {2104.08726},\n  timestamp = {Mon, 26 Apr 2021 17:25:10 +0200},\n  biburl    = {https://dblp.org/rec/journals/corr/abs-2104-08726.bib},\n  bibsource = {dblp computer science bibliography, https://dblp.org}\n}\n", "homepage": "TODO", "license": "", "features": {"language": {"dtype": "string", "id": null, "_type": "Value"}, "premise": {"dtype": "string", "id": null, "_type": "Value"}, "hypothesis": {"dtype": "string", "id": null, "_type": "Value"}, "label": {"num_classes": 3, "names": ["entailment", "neutral", "contradiction"], "names_file": null, "id": null, "_type": "ClassLabel"}}, "post_processed": null, "supervised_keys": null, "task_templates": null, "builder_name": "americas_nli", "config_name": "all_languages", "version": {"version_str": "1.0.0", "description": "", "major": 1, "minor": 0, "patch": 0}, "splits": {"validation": {"name": "validation", "num_bytes": 1129092, "num_examples": 6457, "dataset_name": "americas_nli"}, "test": {"name": "test", "num_bytes": 1210591, "num_examples": 7486, "dataset_name": "americas_nli"}}, "download_checksums": {"https://raw.githubusercontent.com/nala-cub/AmericasNLI/main/dev.tsv": {"num_bytes": 1090405, "checksum": "a2678f2820a2008547c5d993118979cc82a25d51a73570571566a1b74d8e8530"}, "https://raw.githubusercontent.com/nala-cub/AmericasNLI/main/test.tsv": {"num_bytes": 1165688, "checksum": "1e16c058de33ddaab4a037b1078a31ecab08afddfdc840140593b6da1439bcf8"}}, "download_size": 2256093, "post_processing_size": null, "dataset_size": 2339683, "size_in_bytes": 4595776}}