{"bswac": {"description": "The Bosnian web corpus bsWaC was built by crawling the .ba top-level domain in 2014. The corpus was near-deduplicated on paragraph level, normalised via diacritic restoration, morphosyntactically annotated and lemmatised. The corpus is shuffled by paragraphs. Each paragraph contains metadata on the URL, domain and language identification (Bosnian vs. Croatian vs. Serbian).\n\nVersion 1.0 of this corpus is described in http://www.aclweb.org/anthology/W14-0405. Version 1.1 contains newer and better linguistic annotations.\n", "citation": "\n @misc{11356/1062,\n title = {Bosnian web corpus {bsWaC} 1.1},\n author = {Ljube{\u000b s}i{'c}, Nikola and Klubi{\u000b c}ka, Filip},\n url = {http://hdl.handle.net/11356/1062},\n note = {Slovenian language resource repository {CLARIN}.{SI}},\n copyright = {Creative Commons - Attribution-{ShareAlike} 4.0 International ({CC} {BY}-{SA} 4.0)},\n year = {2016} }\n", "homepage": "http://nlp.ffzg.hr/resources/corpora/bswac/", "license": "CC BY-SA 4.0", "features": {"sentence": {"dtype": "string", "id": null, "_type": "Value"}}, "post_processed": null, "supervised_keys": null, "builder_name": "bswac", "config_name": "bswac", "version": {"version_str": "1.1.0", "description": null, "major": 1, "minor": 1, "patch": 0}, "splits": {"train": {"name": "train", "num_bytes": 9156258478, "num_examples": 354581267, "dataset_name": "bswac"}}, "download_checksums": {"https://www.clarin.si/repository/xmlui/bitstream/handle/11356/1062/bsWaC1.1.01.xml.gz": {"num_bytes": 692809916, "checksum": "b2e80f04cb44e39d02cf0a0ddb230e1c6418355bb773a2794bb5a8add10e992e"}, "https://www.clarin.si/repository/xmlui/bitstream/handle/11356/1062/bsWaC1.1.02.xml.gz": {"num_bytes": 692345532, "checksum": "fa42ef0d123d8fcb46ebf253de1cd0d9932b28f838b5f33730b7724984bc88d1"}, "https://www.clarin.si/repository/xmlui/bitstream/handle/11356/1062/bsWaC1.1.03.xml.gz": {"num_bytes": 603359503, "checksum": "f24fd5d1c3a30ac728a5cd7f376c0f63b585b888ed4630f3b27e6a34f777dcf3"}}, "download_size": 1988514951, "post_processing_size": null, "dataset_size": 9156258478, "size_in_bytes": 11144773429}}