{"raw": {"description": "The Children\u2019s Book Test (CBT) is designed to measure directly\nhow well language models can exploit wider linguistic context.\nThe CBT is built from books that are freely available.\n", "citation": "@misc{hill2016goldilocks,\n      title={The Goldilocks Principle: Reading Children's Books with Explicit Memory Representations},\n      author={Felix Hill and Antoine Bordes and Sumit Chopra and Jason Weston},\n      year={2016},\n      eprint={1511.02301},\n      archivePrefix={arXiv},\n      primaryClass={cs.CL}\n}\n", "homepage": "https://research.fb.com/downloads/babi/", "license": "GNU Free Documentation License v1.3", "features": {"title": {"dtype": "string", "id": null, "_type": "Value"}, "content": {"dtype": "string", "id": null, "_type": "Value"}}, "post_processed": null, "supervised_keys": null, "builder_name": "cbt", "config_name": "raw", "version": {"version_str": "1.1.0", "description": null, "major": 1, "minor": 1, "patch": 0}, "splits": {"train": {"name": "train", "num_bytes": 25741588, "num_examples": 98, "dataset_name": "cbt"}, "test": {"name": "test", "num_bytes": 1528712, "num_examples": 5, "dataset_name": "cbt"}, "validation": {"name": "validation", "num_bytes": 1182665, "num_examples": 5, "dataset_name": "cbt"}}, "download_checksums": {"http://www.thespermwhale.com/jaseweston/babi/CBTest.tgz": {"num_bytes": 120547669, "checksum": "932df0cadc1337b2a12b4c696b1041c1d1c6d4b6bd319874c6288f02e4a61e92"}}, "download_size": 120547669, "post_processing_size": null, "dataset_size": 28452965, "size_in_bytes": 149000634}, "V": {"description": "The Children\u2019s Book Test (CBT) is designed to measure directly\nhow well language models can exploit wider linguistic context.\nThe CBT is built from books that are freely available.\n", "citation": "@misc{hill2016goldilocks,\n      title={The Goldilocks Principle: Reading Children's Books with Explicit Memory Representations},\n      author={Felix Hill and Antoine Bordes and Sumit Chopra and Jason Weston},\n      year={2016},\n      eprint={1511.02301},\n      archivePrefix={arXiv},\n      primaryClass={cs.CL}\n}\n", "homepage": "https://research.fb.com/downloads/babi/", "license": "GNU Free Documentation License v1.3", "features": {"sentences": {"feature": {"dtype": "string", "id": null, "_type": "Value"}, "length": -1, "id": null, "_type": "Sequence"}, "question": {"dtype": "string", "id": null, "_type": "Value"}, "answer": {"dtype": "string", "id": null, "_type": "Value"}, "options": {"feature": {"dtype": "string", "id": null, "_type": "Value"}, "length": -1, "id": null, "_type": "Sequence"}}, "post_processed": null, "supervised_keys": null, "builder_name": "cbt", "config_name": "V", "version": {"version_str": "1.1.0", "description": null, "major": 1, "minor": 1, "patch": 0}, "splits": {"train": {"name": "train", "num_bytes": 252177913, "num_examples": 105825, "dataset_name": "cbt"}, "test": {"name": "test", "num_bytes": 5806649, "num_examples": 2500, "dataset_name": "cbt"}, "validation": {"name": "validation", "num_bytes": 4556449, "num_examples": 2000, "dataset_name": "cbt"}}, "download_checksums": {"http://www.thespermwhale.com/jaseweston/babi/CBTest.tgz": {"num_bytes": 120547669, "checksum": "932df0cadc1337b2a12b4c696b1041c1d1c6d4b6bd319874c6288f02e4a61e92"}}, "download_size": 120547669, "post_processing_size": null, "dataset_size": 262541011, "size_in_bytes": 383088680}, "P": {"description": "The Children\u2019s Book Test (CBT) is designed to measure directly\nhow well language models can exploit wider linguistic context.\nThe CBT is built from books that are freely available.\n", "citation": "@misc{hill2016goldilocks,\n      title={The Goldilocks Principle: Reading Children's Books with Explicit Memory Representations},\n      author={Felix Hill and Antoine Bordes and Sumit Chopra and Jason Weston},\n      year={2016},\n      eprint={1511.02301},\n      archivePrefix={arXiv},\n      primaryClass={cs.CL}\n}\n", "homepage": "https://research.fb.com/downloads/babi/", "license": "GNU Free Documentation License v1.3", "features": {"sentences": {"feature": {"dtype": "string", "id": null, "_type": "Value"}, "length": -1, "id": null, "_type": "Sequence"}, "question": {"dtype": "string", "id": null, "_type": "Value"}, "answer": {"dtype": "string", "id": null, "_type": "Value"}, "options": {"feature": {"dtype": "string", "id": null, "_type": "Value"}, "length": -1, "id": null, "_type": "Sequence"}}, "post_processed": null, "supervised_keys": null, "builder_name": "cbt", "config_name": "P", "version": {"version_str": "1.1.0", "description": null, "major": 1, "minor": 1, "patch": 0}, "splits": {"train": {"name": "train", "num_bytes": 852853417, "num_examples": 334030, "dataset_name": "cbt"}, "test": {"name": "test", "num_bytes": 6078072, "num_examples": 2500, "dataset_name": "cbt"}, "validation": {"name": "validation", "num_bytes": 4777005, "num_examples": 2000, "dataset_name": "cbt"}}, "download_checksums": {"http://www.thespermwhale.com/jaseweston/babi/CBTest.tgz": {"num_bytes": 120547669, "checksum": "932df0cadc1337b2a12b4c696b1041c1d1c6d4b6bd319874c6288f02e4a61e92"}}, "download_size": 120547669, "post_processing_size": null, "dataset_size": 863708494, "size_in_bytes": 984256163}, "NE": {"description": "The Children\u2019s Book Test (CBT) is designed to measure directly\nhow well language models can exploit wider linguistic context.\nThe CBT is built from books that are freely available.\n", "citation": "@misc{hill2016goldilocks,\n      title={The Goldilocks Principle: Reading Children's Books with Explicit Memory Representations},\n      author={Felix Hill and Antoine Bordes and Sumit Chopra and Jason Weston},\n      year={2016},\n      eprint={1511.02301},\n      archivePrefix={arXiv},\n      primaryClass={cs.CL}\n}\n", "homepage": "https://research.fb.com/downloads/babi/", "license": "GNU Free Documentation License v1.3", "features": {"sentences": {"feature": {"dtype": "string", "id": null, "_type": "Value"}, "length": -1, "id": null, "_type": "Sequence"}, "question": {"dtype": "string", "id": null, "_type": "Value"}, "answer": {"dtype": "string", "id": null, "_type": "Value"}, "options": {"feature": {"dtype": "string", "id": null, "_type": "Value"}, "length": -1, "id": null, "_type": "Sequence"}}, "post_processed": null, "supervised_keys": null, "builder_name": "cbt", "config_name": "NE", "version": {"version_str": "1.1.0", "description": null, "major": 1, "minor": 1, "patch": 0}, "splits": {"train": {"name": "train", "num_bytes": 253552195, "num_examples": 108719, "dataset_name": "cbt"}, "test": {"name": "test", "num_bytes": 5707758, "num_examples": 2500, "dataset_name": "cbt"}, "validation": {"name": "validation", "num_bytes": 4424340, "num_examples": 2000, "dataset_name": "cbt"}}, "download_checksums": {"http://www.thespermwhale.com/jaseweston/babi/CBTest.tgz": {"num_bytes": 120547669, "checksum": "932df0cadc1337b2a12b4c696b1041c1d1c6d4b6bd319874c6288f02e4a61e92"}}, "download_size": 120547669, "post_processing_size": null, "dataset_size": 263684293, "size_in_bytes": 384231962}, "CN": {"description": "The Children\u2019s Book Test (CBT) is designed to measure directly\nhow well language models can exploit wider linguistic context.\nThe CBT is built from books that are freely available.\n", "citation": "@misc{hill2016goldilocks,\n      title={The Goldilocks Principle: Reading Children's Books with Explicit Memory Representations},\n      author={Felix Hill and Antoine Bordes and Sumit Chopra and Jason Weston},\n      year={2016},\n      eprint={1511.02301},\n      archivePrefix={arXiv},\n      primaryClass={cs.CL}\n}\n", "homepage": "https://research.fb.com/downloads/babi/", "license": "GNU Free Documentation License v1.3", "features": {"sentences": {"feature": {"dtype": "string", "id": null, "_type": "Value"}, "length": -1, "id": null, "_type": "Sequence"}, "question": {"dtype": "string", "id": null, "_type": "Value"}, "answer": {"dtype": "string", "id": null, "_type": "Value"}, "options": {"feature": {"dtype": "string", "id": null, "_type": "Value"}, "length": -1, "id": null, "_type": "Sequence"}}, "post_processed": null, "supervised_keys": null, "builder_name": "cbt", "config_name": "CN", "version": {"version_str": "1.1.0", "description": null, "major": 1, "minor": 1, "patch": 0}, "splits": {"train": {"name": "train", "num_bytes": 301730463, "num_examples": 120769, "dataset_name": "cbt"}, "test": {"name": "test", "num_bytes": 6138400, "num_examples": 2500, "dataset_name": "cbt"}, "validation": {"name": "validation", "num_bytes": 4737281, "num_examples": 2000, "dataset_name": "cbt"}}, "download_checksums": {"http://www.thespermwhale.com/jaseweston/babi/CBTest.tgz": {"num_bytes": 120547669, "checksum": "932df0cadc1337b2a12b4c696b1041c1d1c6d4b6bd319874c6288f02e4a61e92"}}, "download_size": 120547669, "post_processing_size": null, "dataset_size": 312606144, "size_in_bytes": 433153813}}